Duration	Ch2	Ch4	Ch6	Ch8	Ch7	Ch2+Ch3	Ch3+Ch4	Ch3+Ch6	Ch3+Ch8	Ch3+Ch7	Ch3
0.116	2371.627	2371.627	2371.627	2371.627	7347.732	0.000	0.000	0.000	0.000	0.000	0.000	3.098	1.000
0.117	2557.961	2557.961	2557.961	2557.961	7094.078	0.000	0.000	0.000	0.000	0.000	0.000	2.773	1.000
0.101	1959.096	1959.096	1959.096	1959.096	7418.710	0.000	0.000	0.000	0.000	0.000	0.000	3.787	1.000
0.115	2392.600	2392.600	2392.600	2392.600	7082.443	0.000	0.000	0.000	0.000	0.000	0.000	2.960	1.000
0.118	2036.329	2036.329	2036.329	2036.329	6932.005	0.000	0.000	0.000	0.000	0.000	0.000	3.404	1.000
0.117	2881.754	2881.754	2881.754	2881.754	4723.348	494.502	144.940	0.000	0.000	17.052	10444.227	1.639	1.000
0.123	5065.794	5065.794	5065.794	5065.794	2569.488	1683.177	853.785	8.131	0.000	40.656	38721.203	0.507	1.000
0.124	4774.370	4774.370	4774.370	4774.370	2681.054	1376.757	571.636	24.154	8.051	64.410	38460.647	0.562	1.000
0.116	5107.752	5107.752	5107.752	5107.752	2837.640	1762.776	619.121	8.599	0.000	51.593	39606.578	0.556	1.000
0.124	2570.889	2570.889	2570.889	2570.889	7375.238	0.000	0.000	0.000	0.000	0.000	0.000	2.869	1.000
0.122	2527.012	2527.012	2527.012	2527.012	7139.421	0.000	0.000	0.000	0.000	0.000	0.000	2.825	1.000
0.118	2569.388	2569.388	2569.388	2569.388	6575.604	0.000	0.000	0.000	0.000	0.000	0.000	2.559	1.000
0.119	2328.140	2328.140	2328.140	2328.140	7532.715	0.000	0.000	0.000	0.000	0.000	0.000	3.236	1.000
0.120	5149.217	5149.217	5149.217	5149.217	2878.238	1780.182	623.895	33.274	0.000	49.912	38440.278	0.559	1.000
0.120	4934.161	4934.161	4934.161	4934.161	2621.013	1547.646	624.051	0.000	0.000	58.245	37576.177	0.531	1.000
0.119	4868.791	4868.791	4868.791	4868.791	3069.272	1522.023	689.535	25.227	0.000	42.045	39034.415	0.630	1.000
0.120	4994.495	4994.495	4994.495	4994.495	2864.736	1603.584	751.680	16.704	0.000	33.408	38653.051	0.574	1.000
0.112	4988.589	4988.589	4988.589	4988.589	2837.873	1543.875	767.475	8.924	0.000	53.545	38364.837	0.569	1.000
0.116	5202.949	5202.949	5202.949	5202.949	2954.655	1852.043	706.361	43.071	0.000	51.685	39745.705	0.568	1.000
0.128	5072.423	5072.423	5072.423	5072.423	2665.570	1646.382	682.072	23.520	7.840	31.360	40375.547	0.526	1.000
0.123	4836.332	4836.332	4836.332	4836.332	2731.105	1576.888	674.648	8.128	8.128	48.770	38918.250	0.565	1.000
0.122	5094.067	5094.067	5094.067	5094.067	2849.086	1681.695	816.357	32.654	8.164	32.654	39715.766	0.559	1.000
0.123	5123.879	5123.879	5123.879	5123.879	2851.125	1759.552	562.079	40.730	0.000	73.315	39060.416	0.556	1.000
0.119	5075.447	5075.447	5075.447	5075.447	2912.280	1750.735	648.109	8.417	0.000	67.336	39223.191	0.574	1.000
0.123	5105.771	5105.771	5105.771	5105.771	2833.825	1636.778	684.027	24.430	0.000	48.859	39461.827	0.555	1.000
0.123	5385.413	5385.413	5385.413	5385.413	2937.498	1852.256	701.736	16.319	0.000	48.958	39191.116	0.545	1.000
0.101	4755.858	4755.858	4755.858	4755.858	2545.667	1509.640	532.814	39.468	0.000	59.202	38411.944	0.535	1.000
0.116	5015.645	5015.645	5015.645	5015.645	2731.122	1528.741	747.194	42.942	0.000	34.354	38338.767	0.545	1.000
0.117	5078.247	5078.247	5078.247	5078.247	2959.451	1664.155	574.734	34.312	0.000	68.625	39382.146	0.583	1.000
0.122	5252.632	5252.632	5252.632	5252.632	3040.135	1679.859	630.971	24.583	0.000	40.972	38489.258	0.579	1.000
0.125	4779.815	4771.795	4771.795	4771.795	2919.216	1483.667	569.407	0.000	0.000	56.139	37957.826	0.611	1.000
0.119	5492.085	5492.085	5492.085	5492.085	2586.487	2015.444	755.792	16.795	0.000	25.193	39595.080	0.471	1.000
0.120	4913.576	4913.576	4913.576	4913.576	3129.085	1734.692	547.797	8.300	0.000	24.900	39881.306	0.637	1.000
0.115	4938.444	4938.444	4929.734	4929.734	2700.031	1707.116	661.943	17.420	0.000	34.839	39315.934	0.547	0.998
0.123	5184.231	5184.231	5184.231	5184.231	2767.094	1774.195	667.358	8.139	0.000	56.970	38877.667	0.534	1.000
0.121	4932.504	4932.504	4932.504	4932.504	2606.944	1795.895	620.701	0.000	0.000	66.208	38913.818	0.529	1.000
0.123	4890.397	4890.397	4890.397	4890.397	2603.345	1589.582	632.589	48.661	0.000	24.330	39715.210	0.532	1.000
0.123	4801.169	4801.169	4801.169	4801.169	2901.895	1442.796	521.689	65.211	0.000	40.757	38368.592	0.604	1.000
0.115	5387.751	5387.751	5387.751	5387.751	2841.129	1888.312	710.282	8.662	0.000	43.310	39741.163	0.527	1.000
0.125	4861.638	4861.638	4861.638	4861.638	2859.316	1738.015	672.780	8.009	0.000	40.046	39477.778	0.588	1.000
0.122	5030.704	5030.704	5030.704	5030.704	2899.188	1568.012	596.171	16.333	0.000	40.834	39494.295	0.576	1.000
0.117	5160.565	5160.565	5160.565	5160.565	2983.184	1611.605	771.513	34.289	0.000	34.289	38815.676	0.578	1.000
0.123	5198.823	5198.823	5198.823	5198.823	2749.925	1505.137	813.587	40.679	0.000	32.543	38246.740	0.529	1.000
0.117	5289.228	5289.228	5289.228	5289.228	2955.495	1703.455	672.865	25.552	0.000	51.104	39307.227	0.559	1.000
0.123	5094.025	5094.025	5094.025	5094.025	3062.914	1665.510	609.333	16.249	0.000	48.747	38997.319	0.601	1.000
0.121	4957.171	4957.171	4957.171	4957.171	2934.513	1500.415	605.140	24.869	0.000	16.579	39367.234	0.592	1.000
0.125	5264.725	5264.725	5264.725	5264.725	2688.370	1760.242	680.094	24.003	0.000	48.007	39373.424	0.511	1.000
0.125	4888.637	4888.637	4888.637	4888.637	2520.329	1592.208	672.088	40.005	0.000	48.006	37980.953	0.516	1.000
0.116	4991.317	4991.317	4991.317	4991.317	2870.654	1543.084	698.267	25.862	0.000	34.482	39249.509	0.575	1.000
0.120	5227.138	5227.138	5227.138	5227.138	2893.744	1923.587	602.166	0.000	0.000	25.090	39249.534	0.554	1.000
0.124	5377.982	5377.982	5377.982	5377.982	2584.015	1687.685	750.979	8.075	0.000	48.450	39067.080	0.480	1.000
0.122	4918.406	4918.406	4918.406	4918.406	2796.418	1620.277	756.678	41.124	0.000	24.674	39182.750	0.569	1.000
0.124	4911.164	4911.164	4911.164	4911.164	2775.172	1682.903	606.816	16.182	0.000	24.273	38553.039	0.565	1.000
0.117	5259.329	5259.329	5259.329	5259.329	2808.960	1613.658	794.022	59.765	0.000	76.841	39812.093	0.534	1.000
0.122	5252.153	5252.153	5252.153	5252.153	2810.435	1712.481	671.882	49.162	0.000	32.775	39485.377	0.535	1.000
0.123	5277.808	5277.808	5277.808	5277.808	2972.839	1791.848	733.029	16.290	0.000	40.724	39933.783	0.563	1.000
0.118	5111.224	5111.224	5111.224	5111.224	2750.245	1658.609	719.295	16.925	0.000	42.311	40288.970	0.538	1.000
0.123	5090.345	5090.345	5090.345	5090.345	2765.428	1672.309	693.396	16.315	0.000	57.103	37508.663	0.543	1.000
0.117	4898.511	4898.511	4898.511	4898.511	3015.779	1533.447	511.149	8.519	8.519	25.557	38540.629	0.616	1.000
0.123	5027.972	5027.972	5027.972	5027.972	2862.700	1621.926	794.744	48.658	0.000	40.548	38853.249	0.569	1.000
0.123	5045.625	5045.625	5045.625	5045.625	2616.552	1744.368	676.554	24.454	0.000	65.210	38009.285	0.519	1.000
0.117	5084.798	5084.798	5084.798	5084.798	2580.985	1431.975	711.700	34.299	0.000	8.575	37788.710	0.508	1.000
0.126	5234.314	5234.314	5234.314	5234.314	2712.616	1829.623	707.985	23.865	0.000	63.639	39543.730	0.518	1.000
0.117	4859.802	4859.802	4859.802	4859.802	2562.286	1588.617	512.457	8.541	0.000	59.787	38425.744	0.527	1.000
0.122	5015.639	5015.639	5015.639	5015.639	2663.027	1748.122	718.854	16.338	8.169	32.675	39275.559	0.531	1.000
0.122	4855.035	4855.035	4855.035	4855.035	2919.582	1533.601	664.287	16.402	0.000	24.603	39119.118	0.601	1.000
0.121	5257.993	5257.993	5257.993	5257.993	3085.131	1874.300	688.349	33.173	0.000	74.640	39144.677	0.587	1.000
0.124	5049.850	5049.850	5049.850	5049.850	2609.763	1737.148	686.780	32.319	8.080	72.718	39138.358	0.517	1.000
0.121	5439.193	5439.193	5439.193	5439.193	3017.182	1983.900	504.241	49.598	0.000	49.598	39306.025	0.555	1.000
0.122	5261.447	5261.447	5261.447	5261.447	2889.281	1461.057	779.778	24.625	0.000	49.249	38365.061	0.549	1.000
0.117	4972.976	4972.976	4972.976	4972.976	2656.795	1830.804	774.899	0.000	0.000	8.515	38276.586	0.534	1.000
0.113	2399.369	2399.369	2399.369	2399.369	7189.220	0.000	0.000	0.000	0.000	0.000	0.000	2.996	1.000
0.122	2280.918	2280.918	2280.918	2280.918	6818.228	0.000	0.000	0.000	0.000	0.000	0.000	2.989	1.000
0.120	2361.114	2361.114	2361.114	2361.114	7475.469	0.000	0.000	0.000	0.000	0.000	0.000	3.166	1.000
0.113	4963.199	4963.199	4963.199	4963.199	2862.702	1692.805	576.086	17.726	0.000	44.314	38792.720	0.577	1.000
0.120	5112.439	5112.439	5112.439	5112.439	2788.603	1485.595	846.540	33.198	0.000	66.395	38791.461	0.545	1.000
0.117	4933.103	4933.103	4933.103	4933.103	2822.593	1501.379	531.917	25.738	0.000	34.317	38349.512	0.572	1.000
0.119	5082.441	5082.441	5082.441	5082.441	2989.179	1540.641	636.352	25.119	0.000	33.492	38834.204	0.588	1.000
0.115	5115.549	5115.549	5115.549	5115.549	2800.546	1578.017	745.656	8.670	0.000	34.682	38938.867	0.547	1.000
0.113	5005.140	5005.140	5005.140	5005.140	2976.508	1674.286	717.551	8.859	0.000	44.293	38349.119	0.595	1.000
0.113	5015.296	5015.296	5015.296	5015.296	2604.775	1615.844	679.891	52.978	8.830	26.489	39592.585	0.519	1.000
0.123	5217.964	5217.964	5217.964	5217.964	3002.561	1809.651	779.043	16.230	0.000	48.690	38757.378	0.575	1.000
0.112	2305.168	2305.168	2305.168	2305.168	7146.910	0.000	0.000	0.000	0.000	0.000	0.000	3.100	1.000
0.112	2505.424	2505.424	2505.424	2505.424	7043.719	0.000	0.000	0.000	0.000	0.000	0.000	2.811	1.000
0.112	2400.560	2400.560	2400.560	2400.560	6780.686	0.000	0.000	0.000	0.000	0.000	0.000	2.825	1.000
0.112	5043.331	5043.331	5043.331	5043.331	2936.736	1785.250	517.722	17.852	0.000	17.852	39257.647	0.582	1.000
0.116	2235.230	2235.230	2235.230	2235.230	7221.512	0.000	0.000	0.000	0.000	0.000	0.000	3.231	1.000
0.118	2393.596	2393.596	2393.596	2393.596	7146.957	0.000	0.000	0.000	0.000	0.000	0.000	2.986	1.000
0.123	2255.782	2255.782	2255.782	2255.782	7272.251	0.000	0.000	0.000	0.000	0.000	0.000	3.224	1.000
0.124	3205.530	3205.530	3205.530	3205.530	4381.427	724.869	265.785	8.054	0.000	24.162	17235.762	1.367	1.000
0.124	5242.311	5242.311	5242.311	5242.311	2697.656	1739.384	708.638	16.105	0.000	40.264	40352.101	0.515	1.000
0.124	5073.523	5073.523	5073.523	5073.523	2827.600	1583.456	686.703	16.158	0.000	105.025	38221.079	0.557	1.000
0.116	5100.622	5100.622	5100.622	5100.622	2774.325	1619.792	680.657	25.848	8.616	43.080	38125.423	0.544	1.000
0.124	5148.596	5148.596	5148.596	5148.596	2706.828	1710.844	722.892	32.129	0.000	16.064	39534.152	0.526	1.000
0.123	5205.217	5205.217	5205.217	5205.217	2969.748	1517.508	595.581	24.476	0.000	57.111	38794.369	0.571	1.000
0.123	4956.842	4956.842	4956.842	4956.842	2900.971	1722.706	593.196	24.378	0.000	48.756	40117.913	0.585	1.000
0.121	5148.928	5148.928	5148.928	5148.928	2789.692	1738.384	736.744	16.556	0.000	49.668	39030.859	0.542	1.000
0.118	4942.546	4942.546	4942.546	4942.546	2921.367	1520.130	653.911	8.492	0.000	59.446	38716.608	0.591	1.000
0.122	4916.514	4916.514	4916.514	4916.514	2805.931	1636.111	621.722	8.181	8.181	57.264	39258.487	0.571	1.000
0.125	5151.170	5151.170	5151.170	5151.170	2926.439	1650.607	606.020	31.896	0.000	15.948	39040.447	0.568	1.000
0.123	4896.183	4896.183	4896.183	4896.183	2885.830	1645.571	761.989	24.319	0.000	16.213	40661.017	0.589	1.000
0.123	4832.585	4832.585	4832.585	4832.585	2756.844	1645.998	608.127	40.542	0.000	64.867	37963.362	0.570	1.000
0.120	5105.225	5105.225	5105.225	5105.225	2718.906	1704.513	698.435	41.573	0.000	33.259	39935.495	0.533	1.000
0.123	5498.985	5498.985	5498.985	5498.985	2790.045	1970.875	729.954	56.774	0.000	72.995	39093.078	0.507	1.000
0.126	5139.730	5139.730	5139.730	5139.730	2911.983	1750.372	628.543	31.825	0.000	63.650	38197.901	0.567	1.000
0.116	5307.353	5307.353	5307.353	5307.353	2929.383	1774.861	672.035	17.232	0.000	34.463	39331.274	0.552	1.000
0.120	5211.323	5211.323	5211.323	5211.323	2630.636	1898.054	682.633	24.974	0.000	49.949	40150.496	0.505	1.000
0.118	5153.333	5153.333	5153.333	5153.333	2950.836	1445.654	714.323	34.015	8.504	51.023	38735.035	0.573	1.000
0.121	5061.211	5061.211	5061.211	5061.211	2890.937	1714.682	687.530	33.134	0.000	33.134	40108.651	0.571	1.000
0.123	5030.838	5030.838	5030.838	5030.838	2868.960	1560.454	650.189	24.382	0.000	73.146	37889.772	0.570	1.000
0.120	5431.965	5431.965	5431.965	5431.965	2791.195	1871.939	768.832	33.427	0.000	83.569	38458.315	0.514	1.000
0.125	5055.416	5055.416	5055.416	5055.416	2756.043	1506.209	713.046	56.082	0.000	40.059	39281.623	0.545	1.000
0.118	5212.795	5212.795	5212.795	5212.795	2880.977	1596.788	751.927	42.243	0.000	33.794	38424.295	0.553	1.000
0.123	5424.540	5424.540	5424.540	5424.540	2936.593	1916.943	587.319	40.786	0.000	24.472	39782.681	0.541	1.000
0.124	4641.645	4641.645	4641.645	4641.645	2773.666	1512.174	735.871	8.086	0.000	32.346	38944.535	0.598	1.000
0.118	5206.145	5206.145	5206.145	5206.145	2875.289	1786.422	791.130	34.027	0.000	8.507	39675.586	0.552	1.000
0.124	5343.482	5343.482	5343.482	5343.482	2929.258	1512.913	885.215	16.095	0.000	56.332	39311.608	0.548	1.000
0.112	4848.765	4848.765	4848.765	4848.765	2713.529	1494.665	711.745	8.897	0.000	17.794	38914.672	0.560	1.000
0.120	4698.639	4698.639	4698.639	4698.639	2466.367	1613.589	610.321	16.721	0.000	41.803	38625.819	0.525	1.000
0.122	5209.498	5209.498	5209.498	5209.498	2768.056	1690.229	743.047	16.331	0.000	40.827	38924.257	0.531	1.000
0.123	5336.813	5336.813	5336.813	5336.813	2798.573	1724.702	715.914	48.812	0.000	89.489	39481.027	0.524	1.000
0.124	5139.856	5139.856	5139.856	5139.856	3070.983	1672.878	565.707	0.000	0.000	40.408	39049.972	0.597	1.000
0.116	5462.200	5462.200	5462.200	5462.200	2498.483	1792.015	749.545	25.846	0.000	43.077	38287.092	0.457	1.000
0.101	5287.001	5287.001	5287.001	5287.001	2791.458	1686.711	680.603	29.591	0.000	69.047	39731.420	0.528	1.000
0.122	5390.090	5390.090	5390.090	5390.090	2662.378	1764.029	784.013	24.500	0.000	49.001	39037.318	0.494	1.000
0.120	5016.722	5016.722	5016.722	5016.722	2796.343	1769.626	684.478	0.000	0.000	41.736	38138.776	0.557	1.000
0.123	5894.223	5894.223	5894.223	5894.223	2808.711	1782.921	871.108	32.565	0.000	56.988	39354.522	0.477	1.000
0.117	4752.154	4752.154	4752.154	4752.154	2667.725	1535.443	763.433	25.734	0.000	60.045	38506.172	0.561	1.000
0.119	5103.673	5103.673	5103.673	5103.673	3109.134	1516.855	745.857	8.380	0.000	33.522	38868.369	0.609	1.000
0.114	5060.911	5060.911	5060.911	5060.911	2490.849	1637.095	695.325	8.802	0.000	70.413	38982.220	0.492	1.000
0.122	4808.619	4808.619	4808.619	4808.619	2695.120	1433.575	581.622	16.384	0.000	40.959	38870.353	0.560	1.000
0.124	5022.555	5022.555	5022.555	5022.555	2651.909	1599.181	707.176	32.144	0.000	48.217	39304.504	0.528	1.000
0.120	4808.611	4808.611	4808.611	4808.611	2825.163	1441.750	616.702	8.334	0.000	50.003	38285.544	0.588	1.000
0.125	4803.237	4803.237	4803.237	4803.237	2785.877	1545.041	632.426	16.011	0.000	72.049	38738.103	0.580	1.000
0.119	5224.200	5224.200	5224.200	5224.200	2675.194	1749.813	740.305	16.825	8.413	58.888	39976.490	0.512	1.000
0.120	5180.307	5180.307	5180.307	5180.307	2781.708	1707.336	549.679	33.314	0.000	58.299	40018.289	0.537	1.000
0.119	5107.956	5107.956	5107.956	5107.956	2714.128	1601.504	640.602	59.003	0.000	75.861	38714.257	0.531	1.000
0.122	4976.362	4976.362	4968.137	4968.137	2920.014	1603.951	690.933	16.451	0.000	57.578	39712.194	0.587	0.998
0.119	5304.709	5304.709	5304.709	5304.709	2933.983	1757.027	664.139	25.220	0.000	92.475	38015.681	0.553	1.000
0.118	5444.034	5444.034	5444.034	5444.034	2994.219	1735.286	833.618	17.013	0.000	76.557	38193.302	0.550	1.000
0.122	5348.194	5348.194	5348.194	5348.194	2653.559	1889.531	805.104	16.431	0.000	98.584	39532.274	0.496	1.000
0.124	5450.849	5450.849	5450.849	5450.849	3022.890	1865.187	812.000	0.000	0.000	48.238	39064.416	0.555	1.000
0.118	5185.821	5185.821	5185.821	5185.821	2753.908	1711.660	720.253	33.894	0.000	59.315	39105.497	0.531	1.000
0.126	5121.707	5121.707	5121.707	5121.707	2846.273	1704.593	650.124	15.857	0.000	23.785	39047.066	0.556	1.000
0.122	5115.379	5115.379	5115.379	5115.379	2684.958	1666.809	615.816	32.844	0.000	32.844	39001.688	0.525	1.000
0.120	5089.230	5089.230	5089.230	5089.230	3066.909	1512.563	760.460	8.357	0.000	41.783	39234.704	0.603	1.000
0.119	5266.699	5266.699	5266.699	5266.699	2838.491	1699.745	711.716	16.746	0.000	25.119	38474.533	0.539	1.000
0.115	4668.340	4668.340	4668.340	4668.340	2672.581	1518.512	546.664	17.354	0.000	26.032	38370.628	0.572	1.000
0.119	5085.720	5085.720	5085.720	5085.720	2790.841	1563.544	739.741	58.843	0.000	33.625	37869.697	0.549	1.000
0.123	5321.858	5321.858	5321.858	5321.858	2644.654	1692.579	756.778	16.275	0.000	65.099	39214.118	0.497	1.000
0.116	5002.389	5002.389	5002.389	5002.389	2786.798	1722.276	536.588	34.619	0.000	51.928	38469.927	0.557	1.000
0.118	5227.634	5227.634	5227.634	5227.634	2998.077	1807.292	785.412	0.000	0.000	59.117	38383.837	0.574	1.000
0.118	5338.671	5338.671	5338.671	5338.671	2981.884	1757.031	726.465	33.789	0.000	92.920	39355.802	0.559	1.000
0.120	5145.525	5145.525	5145.525	5145.525	2810.441	1642.899	717.204	33.358	0.000	58.377	38328.742	0.546	1.000
0.118	4536.971	4536.971	4536.971	4536.971	2737.390	1444.734	616.758	33.795	0.000	33.795	38729.006	0.603	1.000
0.123	5137.604	5137.604	5137.604	5137.604	2929.976	1598.907	665.535	32.465	0.000	40.581	38933.786	0.570	1.000
0.122	5385.980	5385.980	5385.980	5385.980	2545.204	1789.853	747.140	24.631	0.000	49.262	39146.876	0.473	1.000
0.118	4848.211	4848.211	4848.211	4848.211	2724.474	1632.992	668.427	25.383	0.000	42.306	38717.996	0.562	1.000
0.124	5506.006	5506.006	5506.006	5506.006	2664.456	1795.087	668.126	32.199	0.000	40.249	38501.793	0.484	1.000
0.118	5166.010	5166.010	5166.010	5166.010	2608.329	1629.150	590.884	16.882	0.000	33.765	38584.694	0.505	1.000
0.124	4754.049	4754.049	4754.049	4754.049	2837.876	1592.768	525.533	40.426	0.000	40.426	37797.928	0.597	1.000
0.119	4898.914	4898.914	4898.914	4898.914	2718.813	1582.467	614.469	25.252	16.835	42.087	39637.430	0.555	1.000
0.120	5150.916	5150.916	5150.916	5150.916	2909.933	1889.784	668.950	50.171	0.000	50.171	39869.426	0.565	1.000
0.124	5150.720	5150.720	5150.720	5150.720	2987.095	1679.232	742.737	8.073	0.000	80.732	39728.362	0.580	1.000
0.122	5069.306	5069.306	5069.306	5069.306	2951.645	1455.382	735.867	32.705	8.176	40.882	39704.116	0.582	1.000
0.122	5310.342	5310.342	5310.342	5310.342	2589.611	1663.579	590.038	24.585	0.000	57.365	38893.335	0.488	1.000
0.115	5296.006	5296.006	5296.006	5296.006	2773.686	1863.570	615.412	34.671	0.000	69.342	39022.293	0.524	1.000
0.118	5111.449	5111.449	5111.449	5111.449	2895.356	1740.610	645.299	25.472	0.000	33.963	38446.250	0.566	1.000
0.123	4966.775	4966.775	4966.775	4966.775	2719.513	1498.175	683.949	24.427	0.000	40.711	37486.937	0.548	1.000
0.117	4793.295	4793.295	4793.295	4793.295	2571.804	1495.235	777.522	8.544	0.000	51.265	38730.850	0.537	1.000
0.124	5038.579	5038.579	5038.579	5038.579	2547.505	1830.012	620.753	32.247	0.000	72.556	39179.989	0.506	1.000
0.123	5350.715	5350.715	5350.715	5350.715	2606.132	1702.130	708.542	8.144	0.000	8.144	39629.499	0.487	1.000
0.118	5387.233	5387.233	5387.233	5387.233	2765.957	1770.213	680.851	34.043	8.511	42.553	40527.654	0.513	1.000
0.122	5072.022	5072.022	5072.022	5072.022	2823.261	1649.638	714.022	0.000	0.000	49.243	38352.036	0.557	1.000
0.125	5194.615	5194.615	5194.615	5194.615	2929.474	1712.862	720.363	16.008	0.000	32.016	38811.535	0.564	1.000
0.121	4930.282	4930.282	4930.282	4930.282	2666.797	1744.941	600.852	0.000	0.000	49.385	39656.258	0.541	1.000
0.119	4806.177	4806.177	4806.177	4806.177	2944.098	1585.283	671.019	25.163	0.000	50.326	38365.536	0.613	1.000
0.122	5506.608	5506.608	5506.608	5506.608	2708.302	1750.987	760.943	0.000	0.000	114.551	38824.450	0.492	1.000
0.125	5040.028	5040.028	5040.028	5040.028	2655.584	1634.819	653.928	31.899	0.000	23.924	39076.166	0.527	1.000
0.125	5232.521	5232.521	5232.521	5232.521	2868.671	1714.792	528.861	24.039	0.000	64.104	39103.676	0.548	1.000
0.118	4931.353	4931.353	4931.353	4931.353	2554.492	1531.003	600.559	16.917	0.000	42.293	39205.524	0.518	1.000
0.123	4919.831	4919.831	4919.831	4919.831	3073.878	1618.259	585.501	16.264	0.000	48.792	38854.468	0.625	1.000
0.120	5454.477	5454.477	5454.477	5454.477	2752.336	1765.176	660.895	8.366	0.000	92.023	39017.916	0.505	1.000
0.123	4776.718	4776.718	4776.718	4776.718	3168.232	1575.992	666.141	16.247	0.000	64.989	39578.523	0.663	1.000
0.123	5134.519	5134.519	5134.519	5134.519	2652.699	1619.286	659.106	8.137	0.000	48.823	39180.202	0.517	1.000
0.121	5328.853	5328.853	5328.853	5328.853	2834.320	1574.622	712.724	24.862	0.000	49.725	39373.841	0.532	1.000
0.124	5247.902	5247.902	5247.902	5247.902	2736.983	1614.739	653.969	48.442	0.000	56.516	38414.640	0.522	1.000
0.125	4906.687	4906.687	4906.687	4906.687	2974.479	1691.685	697.519	8.017	0.000	40.087	38748.399	0.606	1.000
0.119	5205.390	5205.390	5205.390	5205.390	2744.965	1682.128	619.291	58.582	0.000	58.582	38630.356	0.527	1.000
0.118	5208.892	5208.892	5208.892	5208.892	3172.843	1722.158	763.518	0.000	0.000	67.868	38557.675	0.609	1.000
0.122	5322.616	5322.616	5322.616	5322.616	2731.234	1785.174	584.089	41.133	0.000	57.586	39619.350	0.513	1.000
0.122	4721.008	4721.008	4721.008	4721.008	2744.392	1543.721	686.098	24.504	0.000	32.671	38870.725	0.581	1.000
0.118	5099.616	5099.616	5099.616	5099.616	2836.872	1663.285	607.901	8.443	8.443	67.545	39116.753	0.556	1.000
0.116	4872.302	4872.302	4872.302	4872.302	2664.675	1578.108	612.272	0.000	8.624	25.871	39159.508	0.547	1.000
0.117	5275.438	5275.438	5275.438	5275.438	2612.027	1738.496	719.378	8.564	0.000	85.640	39043.376	0.495	1.000
0.111	5112.036	5121.020	5121.020	5121.020	2758.163	1644.117	673.818	8.984	0.000	71.874	38632.256	0.540	1.000
0.126	5249.567	5249.567	5249.567	5249.567	3012.176	1699.785	553.418	23.718	0.000	79.060	39450.813	0.574	1.000
0.120	5305.677	5305.677	5305.677	5305.677	2902.322	1663.222	648.656	24.948	0.000	58.213	38628.324	0.547	1.000
0.118	4888.208	4888.208	4888.208	4888.208	2609.878	1844.767	595.086	8.501	0.000	85.012	40176.821	0.534	1.000
0.121	5351.844	5351.844	5351.844	5351.844	2783.621	1789.471	555.067	49.708	0.000	33.138	39550.621	0.520	1.000
0.121	4949.968	4949.968	4949.968	4949.968	3291.729	1402.491	692.996	24.750	0.000	41.250	38172.505	0.665	1.000
0.124	4743.709	4743.709	4743.709	4743.709	4663.033	1298.873	516.322	24.203	0.000	56.473	27711.971	0.983	1.000
0.121	2316.879	2316.879	2316.879	2316.879	7527.795	0.000	0.000	0.000	0.000	0.000	0.000	3.249	1.000
0.122	2415.078	2415.078	2415.078	2415.078	6908.437	0.000	0.000	0.000	0.000	0.000	0.000	2.861	1.000
0.123	2392.818	2392.818	2392.818	2392.818	7284.260	0.000	0.000	0.000	0.000	0.000	0.000	3.044	1.000
0.120	2540.939	2540.939	2540.939	2540.939	6914.687	0.000	0.000	0.000	0.000	0.000	0.000	2.721	1.000
0.117	2026.388	2026.388	2026.388	2026.388	5942.361	0.000	0.000	0.000	0.000	0.000	8.550	2.932	1.000
0.115	5074.468	5074.468	5074.468	5074.468	2615.705	1525.828	636.488	43.595	8.719	26.157	38389.835	0.515	1.000
0.120	5248.602	5248.602	5248.602	5248.602	2582.777	1519.769	822.170	8.305	0.000	41.524	38940.972	0.492	1.000
0.126	4970.265	4970.265	4970.265	4970.265	2778.902	1508.547	706.635	31.759	7.940	55.578	38571.163	0.559	1.000
0.123	5298.026	5298.026	5298.026	5298.026	2929.784	1448.615	854.520	32.553	8.138	65.106	38209.267	0.553	1.000
0.118	4818.832	4818.832	4818.832	4818.832	2760.878	1541.349	635.171	42.345	0.000	25.407	39143.484	0.573	1.000
0.119	4869.563	4869.563	4869.563	4869.563	2805.475	1651.271	657.138	8.425	0.000	50.549	38703.759	0.576	1.000
0.119	5173.045	5173.045	5173.045	5173.045	2523.437	1774.817	689.739	25.234	0.000	16.823	38751.577	0.488	1.000
0.123	5304.723	5304.723	5304.723	5304.723	3189.342	1700.440	577.662	16.272	0.000	32.544	39533.201	0.601	1.000
0.120	3438.142	3438.142	3438.142	3438.142	4761.784	799.181	324.667	16.650	0.000	8.325	21569.552	1.385	1.000
0.113	2273.366	2273.366	2273.366	2273.366	7530.526	0.000	0.000	0.000	0.000	0.000	0.000	3.312	1.000
0.102	2475.310	2475.310	2475.310	2475.310	7121.429	0.000	0.000	0.000	0.000	0.000	0.000	2.877	1.000
0.117	2267.130	2267.130	2267.130	2267.130	7287.202	0.000	0.000	0.000	0.000	0.000	0.000	3.214	1.000
0.116	2238.949	2238.949	2238.949	2238.949	7672.706	0.000	0.000	0.000	0.000	0.000	0.000	3.427	1.000
0.116	5235.394	5235.394	5235.394	5235.394	2846.260	1776.756	646.877	25.875	0.000	25.875	39054.139	0.544	1.000
0.116	5000.385	5000.385	5000.385	5000.385	2754.962	1649.522	656.355	25.909	0.000	34.545	39674.902	0.551	1.000
0.116	5042.002	5042.002	5042.002	5042.002	2719.573	1631.744	828.822	8.634	0.000	43.168	38885.574	0.539	1.000
0.118	5073.758	5073.758	5073.758	5073.758	2807.480	1699.709	676.501	25.369	0.000	33.825	39346.995	0.553	1.000
0.116	4994.188	4994.188	4994.188	4994.188	2739.027	1529.362	656.675	25.921	0.000	43.202	38018.040	0.548	1.000
0.115	5301.120	5301.120	5301.120	5301.120	2711.194	1628.449	675.633	34.648	0.000	34.648	38069.318	0.511	1.000
0.115	5171.144	5171.144	5171.144	5171.144	2672.336	1631.166	711.466	8.676	0.000	34.706	38809.608	0.517	1.000
0.121	4897.207	4897.207	4897.207	4897.207	2953.214	1720.640	744.508	0.000	0.000	33.089	38573.776	0.603	1.000
0.125	4904.179	4904.179	4904.179	4904.179	2723.656	1565.503	782.752	47.924	0.000	47.924	40024.169	0.555	1.000
0.122	5383.174	5383.174	5383.174	5383.174	2987.005	1764.303	730.339	24.618	0.000	57.442	39307.020	0.555	1.000
0.121	5273.164	5273.164	5273.164	5273.164	2731.483	1683.451	701.438	41.261	8.252	41.261	38480.069	0.518	1.000
0.117	5042.496	5042.496	5042.496	5042.496	2846.019	1555.482	735.008	25.640	0.000	34.186	38562.278	0.564	1.000
0.118	5257.289	5257.289	5257.289	5257.289	3018.702	1806.133	686.839	8.479	0.000	101.754	39192.243	0.574	1.000
0.121	4761.070	4761.070	4761.070	4761.070	2828.441	1468.135	671.858	16.589	0.000	41.473	39183.440	0.594	1.000
0.115	5233.407	5233.407	5233.407	5233.407	2980.616	1732.916	866.458	51.987	0.000	60.652	38817.326	0.570	1.000
0.121	4815.832	4815.832	4815.832	4815.832	2692.901	1495.138	578.230	33.042	0.000	41.302	39088.367	0.559	1.000
0.120	5121.039	5121.039	5121.039	5121.039	2735.669	1701.453	750.641	16.681	0.000	41.702	38224.305	0.534	1.000
0.117	4995.459	4995.459	4995.459	4995.459	2814.222	1676.558	667.202	17.108	0.000	42.769	39621.514	0.563	1.000
0.123	5210.841	5210.841	5210.841	5210.841	2702.820	1598.965	689.909	32.466	0.000	64.933	39097.544	0.519	1.000
0.123	4938.099	4938.099	4938.099	4938.099	3008.267	1491.971	689.226	16.217	0.000	32.434	37356.028	0.609	1.000
0.122	4704.672	4704.672	4704.672	4704.672	2750.550	1543.592	730.743	8.211	0.000	49.264	40092.343	0.585	1.000
0.124	4903.377	4903.377	4903.377	4903.377	2556.877	1747.738	453.117	32.366	0.000	32.366	38620.165	0.521	1.000
0.117	4897.940	4897.940	4897.940	4897.940	2928.489	1712.567	582.273	17.126	0.000	51.377	39303.402	0.598	1.000
0.115	5265.253	5265.253	5265.253	5265.253	2810.448	1691.473	815.377	34.697	0.000	52.045	39832.032	0.534	1.000
0.122	5287.670	5287.670	5287.670	5287.670	2656.094	1814.316	539.391	24.518	0.000	40.863	39302.016	0.502	1.000
0.122	5149.432	5149.432	5149.432	5149.432	2591.063	1667.435	825.544	40.869	0.000	24.521	38522.653	0.503	1.000
0.123	4899.442	4899.442	4899.442	4899.442	2855.304	1671.002	697.603	64.893	0.000	40.558	38603.383	0.583	1.000
0.119	5347.843	5347.843	5347.843	5347.843	2876.364	1830.413	826.638	42.175	0.000	50.611	39071.307	0.538	1.000
0.122	5199.854	5199.854	5199.854	5199.854	2898.816	1817.902	646.911	32.755	0.000	40.944	39142.208	0.557	1.000
0.124	4796.355	4796.355	4796.355	4796.355	2960.314	1569.128	574.268	40.441	0.000	32.353	39624.525	0.617	1.000
0.124	5466.725	5466.725	5466.725	5466.725	2656.876	1739.046	627.989	24.153	0.000	80.511	39506.948	0.486	1.000
0.122	4746.162	4746.162	4746.162	4746.162	2787.038	1614.843	516.422	8.197	0.000	32.789	38616.870	0.587	1.000
0.116	5063.200	5063.200	5063.200	5063.200	2794.679	1552.600	819.428	17.251	0.000	34.502	39194.516	0.552	1.000
0.114	5267.496	5267.496	5267.496	5267.496	2809.918	1867.406	713.490	52.851	0.000	61.660	37947.109	0.533	1.000
0.119	5117.019	5117.019	5117.019	5117.019	2964.689	1649.841	695.111	33.499	0.000	50.249	38708.451	0.579	1.000
0.120	4932.916	4932.916	4932.916	4932.916	2831.859	1561.260	556.406	24.914	0.000	33.218	39197.579	0.574	1.000
0.121	4970.294	4970.294	4970.294	4970.294	2753.032	1566.096	651.166	16.485	0.000	74.183	38303.407	0.554	1.000
0.118	4710.261	4710.261	4710.261	4710.261	2856.765	1589.926	722.693	8.502	0.000	68.018	38744.872	0.606	1.000
0.119	5011.805	5011.805	5011.805	5011.805	2832.759	1743.237	771.047	33.524	0.000	25.143	39491.013	0.565	1.000
0.122	4669.230	4669.230	4669.230	4669.230	2788.454	1561.862	588.765	0.000	0.000	89.950	38752.158	0.597	1.000
0.123	5384.785	5384.785	5384.785	5384.785	2688.331	1827.416	601.017	24.366	0.000	40.609	38765.577	0.499	1.000
0.115	5267.963	5267.963	5267.963	5267.963	2590.659	1585.587	762.468	51.986	0.000	60.651	39007.185	0.492	1.000
0.118	4658.514	4658.514	4658.514	4658.514	2711.799	1385.653	739.582	25.503	0.000	59.507	38832.282	0.582	1.000
0.122	5164.188	5164.188	5164.188	5164.188	2967.359	1721.396	672.164	8.197	0.000	40.986	38919.941	0.575	1.000
0.114	5364.712	5364.712	5364.712	5364.712	2826.757	1829.078	577.604	17.503	0.000	26.255	38743.199	0.527	1.000
0.123	5239.263	5239.263	5239.263	5239.263	2786.669	1597.038	757.778	16.296	0.000	57.037	39363.732	0.532	1.000
0.102	5065.543	5065.543	5065.543	5065.543	2949.185	1675.451	646.665	58.788	0.000	48.990	38809.705	0.582	1.000
0.121	4471.243	4471.243	4471.243	4471.243	2692.627	1523.352	551.700	0.000	0.000	32.937	38083.788	0.602	1.000
0.124	2193.081	2193.081	2193.081	2193.081	6916.639	0.000	0.000	0.000	0.000	0.000	0.000	3.154	1.000
0.120	2467.958	2467.958	2467.958	2467.958	7286.752	0.000	0.000	0.000	0.000	0.000	0.000	2.953	1.000
0.118	2434.024	2434.024	2434.024	2434.024	7640.132	0.000	0.000	0.000	0.000	0.000	0.000	3.139	1.000
0.122	2500.402	2500.402	2500.402	2500.402	5550.074	172.159	98.376	8.198	0.000	0.000	5369.717	2.220	1.000
0.124	4999.494	4999.494	4999.494	4999.494	2764.994	1486.988	651.060	32.151	0.000	32.151	38878.703	0.553	1.000
0.124	5124.157	5124.157	5124.157	5124.157	2917.698	1624.536	711.239	16.165	0.000	88.905	39473.791	0.569	1.000
0.117	5249.739	5249.739	5249.739	5249.739	2727.137	1874.907	724.396	42.612	0.000	25.567	39475.311	0.519	1.000
0.116	5297.452	5297.452	5297.452	5297.452	2812.654	1803.204	629.827	17.256	0.000	51.767	38505.746	0.531	1.000
0.122	5049.577	5049.577	5049.577	5049.577	2975.644	1598.486	672.184	16.395	0.000	57.382	39388.340	0.589	1.000
0.119	5336.056	5336.056	5336.056	5336.056	2785.488	1845.805	671.202	8.390	0.000	41.950	39483.455	0.522	1.000
0.122	5113.556	5113.556	5113.556	5113.556	3010.862	1824.517	679.080	8.182	0.000	32.727	38437.576	0.589	1.000
0.116	5029.028	5029.028	5029.028	5029.028	2867.579	1593.100	602.794	8.611	0.000	43.057	39801.658	0.570	1.000
0.124	5012.902	5012.902	5012.902	5012.902	2821.778	1665.577	646.826	40.427	0.000	32.341	39415.960	0.563	1.000
0.121	5131.015	5131.015	5131.015	5131.015	2921.368	1696.545	662.066	49.655	0.000	41.379	37853.647	0.569	1.000
0.120	5012.228	5012.228	5012.228	5012.228	2819.901	1698.635	761.457	25.103	0.000	50.206	39788.220	0.563	1.000
0.123	5606.057	5606.057	5606.057	5606.057	2583.661	1787.439	771.848	40.624	0.000	40.624	39323.649	0.461	1.000
0.117	4970.185	4970.185	4970.185	4970.185	2924.140	1679.462	605.288	8.525	0.000	42.626	39292.597	0.588	1.000
0.119	5079.337	5079.337	5079.337	5079.337	2841.411	1483.569	637.013	16.763	0.000	50.290	38841.001	0.559	1.000
0.123	5232.678	5232.678	5232.678	5232.678	2709.635	1768.564	689.578	40.563	0.000	40.563	39411.398	0.518	1.000
0.123	4854.195	4854.195	4854.195	4854.195	2692.242	1525.604	546.607	16.317	0.000	57.108	39241.473	0.555	1.000
0.124	5194.912	5194.912	5194.912	5194.912	2528.996	1538.338	716.817	32.217	0.000	48.325	38675.918	0.487	1.000
0.117	5334.427	5334.427	5334.427	5334.427	3017.713	1658.460	803.584	17.098	0.000	68.390	39119.129	0.566	1.000
0.122	4525.472	4525.472	4525.472	4525.472	2488.599	1330.538	558.497	41.066	8.213	41.066	38717.016	0.550	1.000
0.125	5084.808	5084.808	5084.808	5084.808	2702.304	1638.971	727.543	15.990	0.000	63.960	39215.382	0.531	1.000
0.124	4862.973	4862.973	4862.973	4862.973	2823.923	1594.019	614.952	48.549	0.000	56.640	38385.930	0.581	1.000
0.118	5156.381	5156.381	5156.381	5156.381	2641.485	1772.242	624.504	25.318	0.000	59.075	38938.692	0.512	1.000
0.118	5027.100	5027.100	5027.100	5027.100	2801.297	1836.500	685.514	42.316	0.000	93.094	39785.184	0.557	1.000
0.114	5424.149	5424.149	5424.149	5424.149	2939.539	1767.223	743.633	26.246	0.000	26.246	38248.997	0.542	1.000
0.115	5191.737	5191.737	5191.737	5191.737	2695.543	1802.807	797.395	34.669	0.000	52.004	39393.066	0.519	1.000
0.115	5118.898	5118.898	5118.898	5118.898	2998.336	1607.803	738.720	26.072	0.000	60.836	39213.021	0.586	1.000
0.115	5008.507	5008.507	5008.507	5008.507	3008.582	1643.416	539.110	0.000	0.000	86.953	39972.406	0.601	1.000
0.116	5117.460	5117.460	5117.460	5117.460	2679.751	1651.072	777.992	25.933	0.000	77.799	39513.357	0.524	1.000
0.112	5238.950	5238.950	5238.950	5238.950	2767.240	1692.584	734.349	44.777	0.000	35.822	37899.548	0.528	1.000
0.115	5102.940	5102.940	5102.940	5102.940	2804.004	1785.158	705.355	17.416	0.000	43.540	39883.045	0.549	1.000
0.115	5387.853	5387.853	5387.853	5387.853	2559.447	1787.275	720.116	17.352	0.000	52.057	37949.222	0.475	1.000
0.116	5167.741	5167.741	5167.741	5167.741	2721.677	1791.484	697.645	8.613	0.000	34.452	39886.349	0.527	1.000
0.124	5342.227	5342.227	5342.227	5342.227	2800.231	1888.340	726.285	8.070	0.000	56.489	40123.189	0.524	1.000
0.123	5054.795	5054.795	5054.795	5054.795	3005.335	1620.127	680.453	24.302	0.000	24.302	39126.055	0.595	1.000
0.122	5071.142	5071.142	5071.142	5071.142	2907.128	1706.713	661.453	8.166	0.000	32.664	38780.765	0.573	1.000
0.126	5411.593	5411.593	5411.593	5411.593	2940.219	1652.880	778.761	7.947	0.000	47.679	39446.619	0.543	1.000
0.123	5035.376	5035.376	5035.376	5035.376	2497.351	1480.514	764.661	56.943	0.000	48.808	38753.683	0.496	1.000
0.123	5275.075	5275.075	5275.075	5275.075	2812.830	1793.689	717.475	48.919	0.000	57.072	38360.477	0.533	1.000
0.123	4860.954	4860.954	4860.954	4860.954	2879.055	1639.349	660.633	0.000	0.000	24.468	38553.237	0.592	1.000
0.118	5247.054	5247.054	5247.054	5247.054	2958.355	1780.099	652.703	25.430	8.477	42.383	39229.992	0.564	1.000
0.125	4971.469	4979.474	4979.474	4979.474	2689.877	1513.056	536.374	16.011	0.000	16.011	38987.202	0.541	1.000
0.117	4924.382	4924.382	4924.382	4924.382	2555.908	1627.261	681.575	25.559	0.000	25.559	38219.338	0.519	1.000
0.123	5144.483	5144.483	5144.483	5144.483	2751.322	1611.721	757.020	48.840	0.000	8.140	38868.523	0.535	1.000
0.120	5054.552	5054.552	5054.552	5054.552	2768.365	1837.263	640.132	16.627	0.000	58.194	39821.222	0.548	1.000
0.122	5065.717	5065.717	5065.717	5065.717	2949.554	1429.839	759.858	16.341	0.000	32.682	38188.969	0.582	1.000
0.112	5026.381	5026.381	5026.381	5026.381	2624.789	1767.715	741.012	35.711	0.000	35.711	38711.170	0.522	1.000
0.116	4960.918	4960.918	4960.918	4960.918	2765.668	1607.545	682.774	17.285	0.000	69.142	39367.561	0.557	1.000
0.117	5370.698	5370.698	5370.698	5370.698	3060.445	1619.734	716.093	42.625	0.000	42.625	39274.296	0.570	1.000
0.119	4951.895	4951.895	4951.895	4951.895	2492.733	1678.608	562.334	8.393	0.000	50.358	38473.704	0.503	1.000
0.120	5118.102	5118.102	5118.102	5118.102	2842.464	1675.470	566.826	25.007	0.000	75.021	40069.570	0.555	1.000
0.117	5400.805	5400.805	5400.805	5400.805	2623.492	1862.936	683.646	51.273	0.000	17.091	38250.003	0.486	1.000
0.122	5008.871	5008.871	5008.871	5008.871	3008.602	1541.191	664.024	49.187	0.000	73.780	40013.587	0.601	1.000
0.124	4774.211	4774.211	4774.211	4774.211	2705.118	1441.119	466.955	40.255	0.000	72.459	38950.479	0.567	1.000
0.119	5273.993	5273.993	5273.993	5273.993	2800.499	1735.638	695.932	16.769	0.000	25.154	39349.523	0.531	1.000
0.120	5446.529	5446.529	5446.529	5446.529	2769.139	1818.290	700.625	16.682	0.000	25.022	38926.418	0.508	1.000
0.123	5165.151	5165.151	5165.151	5165.151	3024.492	1791.991	762.204	32.434	0.000	81.086	39804.908	0.586	1.000
0.118	4977.072	4977.072	4977.072	4977.072	2790.563	1446.329	621.071	8.508	0.000	42.539	39059.381	0.561	1.000
0.120	5379.995	5379.995	5379.995	5379.995	2569.052	1651.533	759.038	25.023	0.000	8.341	38110.384	0.478	1.000
0.118	5033.063	5033.063	5033.063	5033.063	3035.141	1598.338	714.151	59.513	0.000	42.509	39422.825	0.603	1.000
0.123	4795.039	4795.039	4795.039	4795.039	2617.700	1582.037	652.386	16.310	0.000	32.619	38710.966	0.546	1.000
0.122	5031.512	5031.512	5031.512	5031.512	2748.924	1783.528	499.061	16.363	0.000	24.544	38435.841	0.546	1.000
0.117	5317.960	5317.960	5317.960	5317.960	2453.123	1629.697	686.188	17.155	8.577	51.464	39807.502	0.461	1.000
0.122	5188.982	5188.982	5188.982	5188.982	2998.986	1748.728	817.162	16.343	0.000	49.030	39452.604	0.578	1.000
0.125	5395.026	5395.026	5395.026	5395.026	2825.585	1833.028	728.408	32.018	0.000	48.027	39326.054	0.524	1.000
0.118	4867.208	4867.208	4867.208	4867.208	2954.183	1608.295	702.571	16.929	0.000	67.718	38099.656	0.607	1.000
0.123	5563.358	5563.358	5563.358	5563.358	2907.199	1789.668	842.197	16.196	0.000	24.294	38886.820	0.523	1.000
0.116	5325.663	5325.663	5325.663	5325.663	3118.090	1597.699	670.003	25.769	0.000	17.180	38997.600	0.585	1.000
0.124	5339.536	5339.536	5339.536	5339.536	2681.849	1650.988	692.610	8.054	0.000	64.429	39486.797	0.502	1.000
0.123	5013.155	5013.155	5013.155	5013.155	2880.937	1676.477	659.197	8.138	0.000	48.829	39405.355	0.575	1.000
0.115	3110.783	3110.783	3110.783	3110.783	5917.440	469.224	208.544	8.689	0.000	34.757	10696.577	1.902	1.000
0.127	2019.904	2019.904	2019.904	2019.904	7124.896	0.000	0.000	0.000	0.000	0.000	0.000	3.527	1.000
0.123	2435.191	2435.191	2435.191	2435.191	7150.829	0.000	0.000	0.000	0.000	0.000	0.000	2.936	1.000
0.117	2096.057	2096.057	2096.057	2096.057	7131.707	0.000	0.000	0.000	0.000	0.000	0.000	3.402	1.000
0.122	5213.878	5213.878	5213.878	5213.878	2911.219	1595.414	756.588	32.895	0.000	16.448	38808.029	0.558	1.000
0.116	4773.900	4773.900	4773.900	4773.900	2842.016	1442.473	695.478	8.586	0.000	77.275	39092.746	0.595	1.000
0.123	5068.329	5068.329	5068.329	5068.329	2982.328	1727.469	765.953	24.445	0.000	81.484	39707.341	0.588	1.000
0.114	5060.713	5060.713	5060.713	5060.713	3073.201	1628.534	840.534	35.022	0.000	61.289	40582.012	0.607	1.000
0.116	5461.480	5461.480	5461.480	5461.480	2674.658	1811.865	690.234	34.512	0.000	51.768	38670.384	0.490	1.000
0.122	4675.234	4675.234	4675.234	4675.234	2695.038	1569.367	583.377	16.433	8.217	49.299	38700.093	0.576	1.000
0.116	5239.999	5239.999	5248.632	5248.632	3047.314	1631.565	811.466	17.265	0.000	86.326	38967.637	0.582	1.002
0.124	5128.986	5128.986	5128.986	5128.986	3104.811	1620.953	733.864	8.064	0.000	56.451	37991.592	0.605	1.000
0.123	2882.643	2882.643	2882.643	2882.643	6469.752	242.919	80.973	16.195	0.000	8.097	5643.826	2.244	1.000
0.122	2367.257	2367.257	2367.257	2367.257	7519.522	0.000	0.000	0.000	0.000	0.000	0.000	3.176	1.000
0.122	2365.531	2365.531	2365.531	2365.531	7811.181	0.000	0.000	0.000	0.000	0.000	0.000	3.302	1.000
0.117	2240.293	2240.293	2240.293	2240.293	7223.454	0.000	0.000	0.000	0.000	0.000	0.000	3.224	1.000
0.122	4789.165	4789.165	4789.165	4789.165	2987.057	1579.931	518.415	0.000	0.000	49.373	38963.396	0.624	1.000
0.118	4786.004	4786.004	4786.004	4786.004	2709.536	1502.484	582.424	8.441	0.000	50.646	39174.326	0.566	1.000
0.117	2660.120	2660.120	2660.120	2660.120	6189.894	230.203	144.942	0.000	0.000	0.000	6411.571	2.327	1.000
0.124	2395.507	2395.507	2395.507	2395.507	6928.419	0.000	0.000	0.000	0.000	0.000	0.000	2.892	1.000
0.117	2504.864	2504.864	2504.864	2504.864	7265.821	0.000	0.000	0.000	0.000	0.000	0.000	2.901	1.000
0.124	2547.300	2547.300	2547.300	2547.300	7407.387	0.000	0.000	0.000	0.000	0.000	0.000	2.908	1.000
0.118	2257.178	2257.178	2257.178	2257.178	7346.397	0.000	0.000	0.000	0.000	0.000	0.000	3.255	1.000
0.123	5139.347	5139.347	5139.347	5139.347	2904.139	1680.485	726.035	0.000	0.000	32.631	38969.303	0.565	1.000
0.125	4839.148	4839.148	4839.148	4839.148	2909.867	1538.642	669.668	7.972	0.000	63.778	39486.492	0.601	1.000
0.118	5100.206	5100.206	5100.206	5100.206	2638.913	1590.114	727.393	42.290	0.000	33.832	38805.549	0.517	1.000
0.118	4923.667	4923.667	4923.667	4923.667	2728.780	1381.339	779.651	0.000	0.000	59.321	39135.106	0.554	1.000
0.117	5244.451	5244.451	5244.451	5244.451	3066.381	1639.959	785.814	68.332	0.000	42.707	39273.596	0.585	1.000
0.121	5280.919	5280.919	5280.919	5280.919	2656.963	1807.065	709.624	33.006	0.000	49.509	39153.066	0.503	1.000
0.120	5178.911	5178.911	5178.911	5178.911	3137.466	1798.814	694.426	33.466	0.000	50.199	38762.349	0.606	1.000
0.114	5210.502	5210.502	5210.502	5210.502	2842.892	1540.267	633.710	26.405	0.000	44.008	38233.816	0.546	1.000
0.114	4649.133	4649.133	4649.133	4649.133	2822.688	1406.974	646.684	43.695	0.000	43.695	38827.248	0.607	1.000
0.118	5447.940	5447.940	5447.940	5447.940	2571.224	1765.065	746.758	42.429	0.000	50.915	39883.675	0.472	1.000
0.118	4872.063	4872.063	4872.063	4872.063	2748.994	1607.104	702.051	42.292	8.458	59.209	39289.467	0.564	1.000
0.114	4918.842	4918.842	4918.842	4918.842	2972.348	1587.006	683.903	26.304	0.000	43.840	39052.624	0.604	1.000
0.118	5037.309	5037.309	5037.309	5037.309	2633.332	1715.913	577.634	42.473	0.000	67.957	39780.302	0.523	1.000
0.122	5421.070	5421.070	5421.070	5421.070	2951.744	1954.202	744.068	40.883	0.000	65.413	39288.448	0.544	1.000
0.121	5167.385	5167.385	5167.385	5167.385	2744.915	1744.509	826.782	33.071	0.000	90.946	40024.501	0.531	1.000
0.123	4869.559	4869.559	4869.559	4869.559	3159.513	1661.187	602.588	40.715	0.000	24.429	40063.930	0.649	1.000
0.120	4941.535	4941.535	4941.535	4941.535	2826.123	1530.120	693.989	50.168	0.000	16.723	38930.266	0.572	1.000
0.123	4776.215	4776.215	4776.215	4776.215	3094.793	1494.598	641.702	0.000	0.000	48.737	39168.214	0.648	1.000
0.122	4946.232	4946.232	4946.232	4946.232	3149.839	1607.730	762.852	49.216	0.000	49.216	39241.748	0.637	1.000
0.123	5031.145	5031.145	5031.145	5031.145	2815.818	1679.753	600.492	16.230	0.000	40.574	38642.441	0.560	1.000
0.116	5013.316	5013.316	5013.316	5013.316	2752.578	1518.664	604.014	25.886	0.000	34.515	38337.633	0.549	1.000
0.112	4679.987	4679.987	4679.987	4679.987	2644.820	1551.030	609.654	17.931	0.000	44.827	39591.616	0.565	1.000
0.120	4914.593	4914.593	4914.593	4914.593	2998.735	1740.932	624.736	24.989	0.000	33.319	38891.923	0.610	1.000
0.121	5447.957	5447.957	5447.957	5447.957	2810.519	1821.480	667.601	41.210	0.000	49.452	39421.450	0.516	1.000
0.122	5009.860	5009.860	5009.860	5009.860	2603.484	1659.003	640.605	24.639	0.000	24.639	39159.033	0.520	1.000
0.125	5090.606	5090.606	5090.606	5090.606	2713.919	1694.192	714.612	40.147	0.000	32.117	37505.078	0.533	1.000
0.118	5316.603	5316.603	5316.603	5316.603	2670.980	1724.304	769.175	42.262	0.000	67.620	38551.713	0.502	1.000
0.125	5274.188	5274.188	5274.188	5274.188	2873.911	1597.509	658.270	40.138	0.000	32.111	39817.312	0.545	1.000
0.119	4931.106	4931.106	4931.106	4931.106	2815.366	1601.556	733.344	8.429	8.429	8.429	38049.592	0.571	1.000
0.124	5205.105	5205.105	5205.105	5205.105	2958.181	1761.977	711.257	24.247	0.000	72.742	39709.133	0.568	1.000
0.124	5215.647	5215.647	5215.647	5215.647	2841.963	1550.161	742.786	24.221	0.000	48.443	38842.848	0.545	1.000
0.114	5086.246	5086.246	5086.246	5086.246	2907.681	1686.631	799.393	26.354	0.000	26.354	39714.882	0.572	1.000
0.121	5061.092	5061.092	5061.092	5061.092	2542.971	1789.191	687.513	16.567	0.000	49.700	39892.339	0.502	1.000
0.112	5303.529	5303.529	5303.529	5303.529	2535.302	1818.609	689.817	35.835	8.959	53.752	39561.463	0.478	1.000
0.125	4956.216	4956.216	4956.216	4956.216	2804.804	1529.893	597.614	15.936	0.000	39.841	37888.759	0.566	1.000
0.120	5327.853	5327.853	5327.853	5327.853	2997.961	1670.173	751.578	16.702	0.000	41.754	39457.845	0.563	1.000
0.123	5258.774	5258.774	5258.774	5258.774	2938.727	1676.947	659.382	16.281	0.000	48.843	39400.104	0.559	1.000
0.126	5116.348	5116.348	5116.348	5116.348	2808.042	1626.126	586.992	39.662	0.000	15.865	39780.597	0.549	1.000
0.113	4940.550	4940.550	4940.550	4940.550	2763.509	1626.116	657.555	17.772	0.000	53.315	39071.218	0.559	1.000
0.122	5233.227	5233.227	5233.227	5233.227	2838.082	1624.105	820.255	32.810	0.000	41.013	37961.404	0.542	1.000
0.122	5074.076	5074.076	5074.076	5074.076	2623.109	1573.865	655.777	16.394	0.000	49.183	38903.983	0.517	1.000
0.119	5401.660	5401.660	5401.660	5401.660	2948.651	1629.739	798.068	25.202	8.401	67.206	39281.746	0.546	1.000
0.125	5280.242	5280.242	5280.242	5280.242	2664.049	1603.215	654.048	31.905	0.000	23.929	38732.407	0.505	1.000
0.116	5266.605	5266.605	5266.605	5266.605	2736.908	1657.686	673.435	25.901	0.000	60.436	38705.232	0.520	1.000
0.122	5020.894	5020.894	5020.894	5020.894	2826.821	1659.935	665.618	8.218	0.000	16.435	39066.005	0.563	1.000
0.118	5091.754	5091.754	5091.754	5091.754	2845.641	1697.251	624.859	0.000	0.000	25.332	38445.701	0.559	1.000
0.123	4860.344	4860.344	4860.344	4860.344	2710.108	1476.766	649.128	16.228	0.000	40.570	38777.270	0.558	1.000
0.122	5234.528	5234.528	5234.528	5234.528	3018.032	1774.832	752.463	24.537	0.000	40.895	39054.486	0.577	1.000
0.115	4937.000	4937.000	4937.000	4937.000	2924.023	1761.355	668.100	17.353	0.000	60.736	38428.774	0.592	1.000
0.125	4848.392	4848.392	4848.392	4848.392	2703.298	1578.917	566.177	39.872	0.000	79.743	39847.722	0.558	1.000
0.118	5282.445	5282.445	5282.445	5282.445	3116.812	1893.867	670.921	33.971	0.000	67.941	39949.548	0.590	1.000
0.123	4927.793	4927.793	4935.898	4935.898	2682.730	1434.571	753.758	16.210	8.105	97.259	38036.404	0.544	1.002
0.124	2113.620	2113.620	2113.620	2113.620	6881.367	0.000	0.000	0.000	0.000	0.000	0.000	3.256	1.000
0.112	2210.417	2210.417	2210.417	2210.417	7246.245	0.000	0.000	0.000	0.000	0.000	0.000	3.278	1.000
0.116	2361.871	2361.871	2361.871	2361.871	7815.645	0.000	0.000	0.000	0.000	0.000	0.000	3.309	1.000
0.125	4781.970	4781.970	4781.970	4781.970	2741.663	1538.200	597.746	39.850	0.000	31.880	39594.712	0.573	1.000
0.121	5021.911	5021.911	5021.911	5021.911	2836.679	1591.509	733.908	41.231	8.246	32.985	38196.209	0.565	1.000
0.125	4702.137	4702.137	4702.137	4702.137	2728.202	1524.584	698.099	40.121	0.000	32.096	38002.250	0.580	1.000
0.120	5060.629	5060.629	5060.629	5060.629	2997.963	1536.561	718.175	33.403	0.000	66.807	39048.680	0.592	1.000
0.123	5321.002	5321.002	5321.002	5321.002	2766.595	1803.591	661.045	24.483	0.000	48.966	39393.368	0.520	1.000
0.123	4923.625	4923.625	4923.625	4923.625	2755.274	1605.884	839.625	24.455	0.000	57.062	39633.553	0.560	1.000
0.114	4597.140	4597.140	4597.140	4597.140	2732.014	1453.572	726.786	26.269	0.000	35.026	38642.241	0.594	1.000
0.123	5343.303	5343.303	5343.303	5343.303	2846.509	1683.506	748.225	48.797	8.133	65.063	39395.678	0.533	1.000
0.124	4830.179	4830.179	4830.179	4830.179	2726.584	1399.700	550.171	48.545	0.000	24.272	38398.711	0.564	1.000
0.120	4854.555	4854.555	4854.555	4854.555	2824.164	1503.993	710.219	8.356	0.000	33.422	39245.860	0.582	1.000
0.121	5575.547	5575.547	5575.547	5575.547	2548.586	1765.040	651.580	16.496	0.000	32.991	38888.614	0.457	1.000
0.117	5470.625	5470.625	5470.625	5470.625	2922.779	1789.457	724.304	59.649	0.000	17.042	38907.903	0.534	1.000
0.125	5083.316	5083.316	5083.316	5083.316	2790.211	1659.695	649.446	8.018	0.000	40.089	38694.139	0.549	1.000
0.115	5084.690	5084.690	5084.690	5084.690	2991.507	1674.546	593.068	26.165	8.722	26.165	39151.237	0.588	1.000
0.125	5240.231	5240.231	5240.231	5240.231	2743.744	1770.672	685.936	31.904	0.000	39.880	39162.153	0.524	1.000
0.123	5234.984	5234.984	5234.984	5234.984	2796.327	1625.772	682.824	32.515	0.000	48.773	39514.377	0.534	1.000
0.114	5009.173	5009.173	5009.173	5009.173	3046.000	1549.410	783.509	8.803	0.000	35.214	38946.542	0.608	1.000
0.120	5080.023	5080.023	5080.023	5080.023	2647.921	1643.537	581.048	16.601	0.000	58.105	39610.902	0.521	1.000
0.124	5498.507	5498.507	5498.507	5498.507	2838.200	1835.531	719.658	16.172	0.000	32.344	39573.078	0.516	1.000
0.122	5047.831	5047.831	5047.831	5047.831	2663.223	1491.405	696.535	16.389	0.000	32.778	38563.466	0.528	1.000
0.123	4984.867	4984.867	4984.867	4984.867	2524.908	1461.362	755.037	32.475	0.000	48.712	39196.966	0.507	1.000
0.118	4986.637	4986.637	4986.637	4986.637	2756.220	1755.500	669.973	33.923	8.481	59.365	38833.013	0.553	1.000
0.122	5252.344	5252.344	5252.344	5252.344	2977.964	1750.781	629.954	8.181	0.000	57.269	39048.966	0.567	1.000
0.116	5158.918	5158.918	5158.918	5158.918	2639.647	1676.648	765.240	0.000	0.000	94.580	39216.378	0.512	1.000
0.116	4896.555	4896.555	4896.555	4896.555	2305.785	1545.826	656.328	17.272	0.000	34.544	37773.423	0.471	1.000
0.116	4840.146	4840.146	4840.146	4840.146	3436.331	1214.343	447.843	8.612	0.000	17.225	31882.955	0.710	1.000
0.116	2247.413	2247.413	2247.413	2247.413	7580.698	0.000	0.000	0.000	0.000	0.000	0.000	3.373	1.000
0.122	2368.356	2368.356	2368.356	2368.356	7514.819	0.000	0.000	0.000	0.000	0.000	0.000	3.173	1.000
0.116	2510.959	2510.959	2510.959	2510.959	7309.298	0.000	0.000	0.000	0.000	0.000	0.000	2.911	1.000
0.121	2225.033	2225.033	2225.033	2225.033	6955.288	0.000	0.000	0.000	0.000	0.000	0.000	3.126	1.000
0.115	2399.527	2399.527	2399.527	2399.527	7415.145	0.000	0.000	0.000	0.000	0.000	0.000	3.090	1.000
0.114	5073.961	5073.961	5073.961	5073.961	2840.363	1591.658	782.639	52.762	0.000	35.175	38912.090	0.560	1.000
0.124	5035.091	5035.091	5035.091	5035.091	2791.893	1694.502	702.008	16.138	0.000	64.552	39675.548	0.554	1.000
0.118	5536.332	5536.332	5536.332	5536.332	2831.948	1802.922	722.870	25.513	0.000	25.513	40149.035	0.512	1.000
0.124	5010.255	5010.255	5010.255	5010.255	2876.856	1656.617	727.295	8.081	8.081	64.648	38910.286	0.574	1.000
0.124	4929.825	4929.825	4929.825	4929.825	2932.118	1635.220	636.366	40.276	0.000	72.497	38206.145	0.595	1.000
0.119	5274.119	5274.119	5274.119	5274.119	2708.331	1693.755	637.254	0.000	0.000	58.694	39115.682	0.514	1.000
0.125	5173.054	5173.054	5173.054	5173.054	2634.574	1849.807	624.610	8.008	0.000	40.039	39374.472	0.509	1.000
0.121	5349.968	5349.968	5349.968	5349.968	3147.040	1689.464	786.760	24.845	0.000	33.127	39015.015	0.588	1.000
0.122	4689.121	4689.121	4689.121	4689.121	2639.680	1451.004	696.810	32.791	0.000	57.384	38865.600	0.563	1.000
0.122	5203.221	5203.221	5203.221	5203.221	2622.095	1548.675	770.241	24.582	8.194	32.776	40118.060	0.504	1.000
0.118	4926.646	4926.646	4926.646	4926.646	2612.228	1591.162	723.255	25.527	8.509	34.036	38757.980	0.530	1.000
0.117	5485.058	5485.058	5485.058	5485.058	2904.355	1899.329	715.442	34.069	0.000	59.620	40022.186	0.530	1.000
0.116	5620.924	5620.924	5620.924	5620.924	2935.659	1752.761	742.549	43.171	0.000	60.440	39242.854	0.522	1.000
0.120	5367.907	5367.907	5367.907	5367.907	3004.363	1805.947	649.142	41.612	0.000	91.546	39065.047	0.560	1.000
0.122	5017.482	5017.482	5017.482	5017.482	2795.689	1606.906	655.880	8.199	0.000	57.390	40025.081	0.557	1.000
0.115	4922.688	4922.688	4922.688	4922.688	2643.345	1603.340	606.669	0.000	0.000	60.667	39814.838	0.537	1.000
0.123	5337.197	5337.197	5337.197	5337.197	2839.454	1741.098	748.509	40.680	0.000	65.088	39662.857	0.532	1.000
0.113	4914.816	4914.816	4914.816	4914.816	2814.769	1623.566	688.251	35.295	0.000	44.119	38868.521	0.573	1.000
0.124	5217.649	5217.649	5217.649	5217.649	2661.081	1704.378	635.122	16.079	0.000	88.435	38871.081	0.510	1.000
0.115	4879.470	4879.470	4879.470	4879.470	2865.169	1614.913	546.987	8.682	0.000	69.459	37768.137	0.587	1.000
0.101	5032.055	5032.055	5032.055	5032.055	2917.996	1627.726	694.761	9.925	0.000	59.551	39184.523	0.580	1.000
0.124	5222.689	5222.689	5222.689	5222.689	2684.107	1657.355	630.603	24.254	0.000	40.423	39275.270	0.514	1.000
0.119	5223.200	5223.200	5223.200	5223.200	2733.953	1628.558	742.555	25.314	0.000	50.629	38655.052	0.523	1.000
0.124	2427.865	2427.865	2427.865	2427.865	8084.792	0.000	0.000	0.000	0.000	0.000	0.000	3.330	1.000
0.124	2247.224	2247.224	2247.224	2247.224	7208.836	0.000	0.000	0.000	0.000	0.000	0.000	3.208	1.000
0.121	2501.332	2501.332	2501.332	2501.332	7214.106	0.000	0.000	0.000	0.000	0.000	0.000	2.884	1.000
0.124	2173.136	2173.136	2173.136	2173.136	6155.873	0.000	0.000	0.000	0.000	0.000	16.157	2.833	1.000
0.123	5183.761	5183.761	5183.761	5183.761	2469.622	1679.017	603.142	32.602	0.000	16.301	38707.048	0.476	1.000
0.124	5394.696	5394.696	5394.696	5394.696	2960.208	1690.392	841.152	8.088	0.000	48.528	39663.555	0.549	1.000
0.119	5351.980	5351.980	5351.980	5351.980	3004.177	1640.937	605.885	42.075	0.000	58.905	39778.001	0.561	1.000
0.118	5153.509	5153.509	5153.509	5153.509	3088.720	1793.996	626.206	16.924	0.000	76.160	39611.781	0.599	1.000
0.122	5135.052	5135.052	5135.052	5135.052	2867.413	1659.649	640.854	49.296	0.000	82.161	38747.047	0.558	1.000
0.120	5022.704	5022.704	5022.704	5022.704	2682.107	1465.996	674.692	49.977	0.000	41.648	37607.805	0.534	1.000
0.118	5031.051	5031.051	5031.051	5031.051	2866.431	1665.743	667.988	25.367	0.000	42.278	38887.064	0.570	1.000
0.124	5051.715	5051.715	5051.715	5051.715	3003.504	1797.245	615.273	0.000	0.000	32.383	38762.200	0.595	1.000
0.125	4708.170	4708.170	4708.170	4708.170	2666.362	1489.319	728.645	16.014	0.000	40.035	39539.021	0.566	1.000
0.118	4741.363	4741.363	4741.363	4741.363	2489.216	1498.610	719.671	16.933	0.000	59.267	39277.116	0.525	1.000
0.123	5183.245	5183.245	5183.245	5183.245	2949.088	1771.077	552.446	16.248	0.000	16.248	39394.287	0.569	1.000
0.118	4877.912	4877.912	4877.912	4877.912	2806.701	1563.975	718.583	25.362	0.000	25.362	38778.131	0.575	1.000
0.100	5092.119	5092.119	5092.119	5092.119	2705.812	1627.481	639.011	29.954	0.000	19.969	37382.146	0.531	1.000
0.101	5482.942	5482.942	5482.942	5482.942	2741.471	1844.083	798.774	9.861	0.000	69.030	39258.259	0.500	1.000
0.122	4802.382	4802.382	4802.382	4802.382	2548.203	1559.957	588.047	40.837	0.000	57.171	37863.680	0.531	1.000
0.119	4822.141	4822.141	4822.141	4822.141	2706.131	1433.154	699.716	25.291	0.000	75.873	39192.538	0.561	1.000
0.116	4822.506	4822.506	4822.506	4822.506	2699.228	1469.962	670.509	8.596	0.000	34.385	37823.573	0.560	1.000
0.124	4972.310	4972.310	4972.310	4972.310	2938.183	1574.027	710.330	40.360	0.000	48.432	39415.242	0.591	1.000
0.121	5382.516	5382.516	5382.516	5382.516	2711.928	1661.883	727.591	24.804	0.000	24.804	38545.762	0.504	1.000
0.121	4852.149	4852.149	4852.149	4852.149	2866.804	1548.733	576.656	57.666	0.000	41.190	38586.529	0.591	1.000
0.126	4771.963	4771.963	4771.963	4771.963	2812.192	1386.180	653.257	0.000	0.000	31.866	38382.834	0.589	1.000
0.123	5229.445	5229.445	5229.445	5229.445	2899.817	1922.350	643.499	16.291	0.000	40.728	39098.651	0.555	1.000
0.124	5461.744	5461.744	5461.744	5461.744	2775.244	1831.338	847.095	48.405	0.000	48.405	39514.952	0.508	1.000
0.116	5023.876	5023.876	5023.876	5023.876	2844.845	1712.095	691.756	34.588	0.000	60.529	39248.489	0.566	1.000
0.119	4697.262	4697.262	4697.262	4697.262	3030.491	1397.393	538.754	16.836	0.000	25.254	39850.962	0.645	1.000
0.125	4955.906	4955.906	4955.906	4955.906	2473.950	1633.287	640.505	32.025	0.000	72.057	38462.313	0.499	1.000
0.121	4752.178	4752.178	4752.178	4752.178	2690.693	1473.672	596.092	57.953	0.000	57.953	38712.862	0.566	1.000
0.119	2290.913	2290.913	2290.913	2290.913	7812.601	0.000	0.000	0.000	0.000	0.000	0.000	3.410	1.000
0.119	2495.402	2495.402	2495.402	2495.402	7039.395	0.000	0.000	0.000	0.000	0.000	0.000	2.821	1.000
0.117	2664.821	2664.821	2664.821	2664.821	7377.528	0.000	0.000	0.000	0.000	0.000	0.000	2.768	1.000
0.126	2329.992	2329.992	2329.992	2329.992	7520.961	0.000	0.000	0.000	0.000	0.000	0.000	3.228	1.000
0.119	2536.247	2536.247	2536.247	2536.247	6768.925	0.000	0.000	0.000	0.000	0.000	0.000	2.669	1.000
0.118	2486.283	2486.283	2486.283	2486.283	7195.795	0.000	0.000	0.000	0.000	0.000	0.000	2.894	1.000
0.124	0.000	0.000	0.000	0.000	0.000	0.000	0.000	0.000	0.000	0.000	0.000	NaN	NaN
0.123	0.000	0.000	0.000	0.000	0.000	0.000	0.000	0.000	0.000	0.000	0.000	NaN	NaN
0.126	2560.296	2560.296	2560.296	2560.296	1534.587	858.733	286.244	39.756	0.000	15.902	20776.565	0.599	1.000
0.126	5219.571	5219.571	5219.571	5219.571	2828.261	1827.247	667.342	7.945	0.000	31.778	38975.974	0.542	1.000
0.118	5366.819	5366.819	5366.819	5366.819	3059.510	1741.047	769.103	16.903	0.000	76.065	39951.110	0.570	1.000
0.103	5661.961	5661.961	5661.961	5661.961	2913.815	1666.429	701.654	29.236	0.000	29.236	38659.205	0.515	1.000
0.113	5056.272	5056.272	5056.272	5056.272	2727.376	1540.790	664.134	44.276	0.000	17.710	38652.588	0.539	1.000
0.116	4804.734	4804.734	4804.734	4804.734	2836.426	1521.356	567.285	25.786	0.000	60.167	39142.677	0.590	1.000
0.115	5266.433	5266.433	5266.433	5266.433	2893.074	1654.422	692.952	0.000	0.000	51.971	39359.661	0.549	1.000
0.115	4842.026	4842.026	4842.026	4842.026	2677.458	1582.134	695.444	8.693	0.000	52.158	38770.982	0.553	1.000
0.116	4887.358	4887.358	4887.358	4887.358	2840.885	1355.681	621.713	0.000	0.000	34.540	38123.123	0.581	1.000
0.116	5446.443	5446.443	5446.443	5446.443	2495.211	1772.460	774.376	25.813	0.000	17.208	40104.059	0.458	1.000
0.115	5433.953	5433.953	5433.953	5433.953	2816.961	1782.336	617.297	43.472	0.000	34.777	39185.319	0.518	1.000
0.118	5280.259	5280.259	5280.259	5280.259	2538.260	1655.387	738.557	16.978	0.000	16.978	38591.733	0.481	1.000
0.122	4866.141	4866.141	4866.141	4866.141	2801.718	1490.972	770.063	24.576	0.000	40.961	38019.798	0.576	1.000
0.119	5189.674	5189.674	5189.674	5189.674	3016.077	1659.685	716.108	8.425	0.000	67.398	38737.212	0.581	1.000
0.123	5249.027	5249.027	5249.027	5249.027	2783.205	1896.160	569.662	24.414	0.000	56.966	38696.314	0.530	1.000
0.122	5246.044	5246.044	5246.044	5246.044	3064.278	1814.053	661.884	40.857	8.171	49.028	39296.300	0.584	1.000
0.122	5130.312	5130.312	5130.312	5130.312	2762.476	1742.991	805.722	73.995	0.000	32.887	38773.323	0.538	1.000
0.118	5116.494	5116.494	5116.494	5116.494	2773.901	1708.317	642.733	8.457	0.000	59.199	38631.643	0.542	1.000
0.126	5035.380	5035.380	5035.380	5035.380	2700.939	1681.116	637.390	39.837	0.000	63.739	38020.304	0.536	1.000
0.124	4846.338	4846.338	4846.338	4846.338	3066.381	1448.238	703.892	24.272	16.181	80.907	38430.896	0.633	1.000
0.125	5307.018	5307.018	5307.018	5307.018	2914.444	1734.215	690.474	48.173	0.000	64.230	38425.698	0.549	1.000
0.126	5257.409	5257.409	5257.409	5257.409	2795.986	1593.154	820.474	31.863	0.000	47.795	39374.805	0.532	1.000
0.123	5129.519	5129.519	5129.519	5129.519	2755.795	1642.096	699.110	8.129	0.000	65.034	39052.629	0.537	1.000
0.122	3147.892	3147.892	3147.892	3147.892	5780.674	441.522	220.761	8.176	0.000	16.353	12853.210	1.836	1.000
0.116	2334.502	2334.502	2334.502	2334.502	7184.408	0.000	0.000	0.000	0.000	0.000	0.000	3.077	1.000
0.124	2498.708	2498.708	2498.708	2498.708	7126.542	0.000	0.000	0.000	0.000	0.000	0.000	2.852	1.000
0.120	2650.587	2650.587	2650.587	2650.587	7046.074	0.000	0.000	0.000	0.000	0.000	0.000	2.658	1.000
0.118	2377.307	2377.307	2377.307	2377.307	7326.504	0.000	0.000	0.000	0.000	0.000	0.000	3.082	1.000
0.122	4227.681	4227.681	4227.681	4227.681	2676.163	1305.245	623.891	8.209	0.000	73.882	30291.538	0.633	1.000
0.124	5083.755	5083.755	5083.755	5083.755	2911.898	1673.135	707.865	16.088	8.044	32.176	39294.532	0.573	1.000
0.123	5070.819	5070.819	5070.819	5070.819	2916.126	1790.177	656.128	16.201	8.100	32.401	39076.085	0.575	1.000
0.125	5107.323	5107.323	5107.323	5107.323	2625.935	1710.471	811.069	16.061	0.000	80.304	39629.933	0.514	1.000
0.119	5103.945	5103.945	5103.945	5103.945	3048.891	1777.116	673.788	16.845	0.000	75.801	39534.519	0.597	1.000
0.125	5214.426	5214.426	5214.426	5214.426	2782.622	1674.357	685.689	23.919	0.000	47.839	39355.361	0.534	1.000
0.122	5123.478	5123.478	5123.478	5123.478	2802.796	1650.626	735.427	16.343	0.000	57.200	39247.310	0.547	1.000
0.114	4853.589	4853.589	4853.589	4853.589	2807.211	1609.118	524.712	34.981	0.000	43.726	39038.598	0.578	1.000
0.116	5320.053	5320.053	5320.053	5320.053	2870.594	1830.648	661.784	34.378	0.000	51.568	39810.156	0.540	1.000
0.118	4758.034	4758.034	4758.034	4758.034	2781.881	1662.344	534.325	16.963	0.000	59.369	38132.125	0.585	1.000
0.120	5496.593	5496.593	5496.593	5496.593	3121.932	1967.813	821.998	16.606	0.000	8.303	38907.905	0.568	1.000
0.120	5025.018	5025.018	5025.018	5025.018	2938.216	1469.108	809.679	0.000	0.000	41.736	38897.979	0.585	1.000
0.102	5007.475	5007.475	5007.475	5007.475	2930.010	1597.296	715.354	19.599	0.000	29.398	39050.467	0.585	1.000
0.124	5168.321	5168.321	5168.321	5168.321	3043.030	1682.522	668.179	16.101	0.000	48.302	39366.180	0.589	1.000
0.117	4891.996	4891.996	4891.996	4891.996	2719.676	1547.992	684.195	17.105	0.000	17.105	37870.203	0.556	1.000
0.122	5446.593	5446.593	5446.593	5446.593	2908.136	1889.467	755.787	41.075	0.000	65.721	39834.887	0.534	1.000
0.120	4874.895	4874.895	4874.895	4874.895	2574.476	1602.819	631.162	33.219	0.000	41.524	38376.303	0.528	1.000
0.123	2332.752	2332.752	2332.752	2332.752	7233.152	0.000	0.000	0.000	0.000	0.000	0.000	3.101	1.000
0.121	2438.800	2438.800	2438.800	2438.800	7002.250	0.000	0.000	0.000	0.000	0.000	0.000	2.871	1.000
0.118	2448.904	2448.904	2448.904	2448.904	7186.267	0.000	0.000	0.000	0.000	0.000	0.000	2.934	1.000
0.125	2145.268	2145.268	2145.268	2145.268	7316.325	0.000	0.000	0.000	0.000	0.000	0.000	3.410	1.000
0.124	5166.633	5166.633	5166.633	5166.633	2892.672	1623.110	691.027	32.141	0.000	64.282	38914.472	0.560	1.000
0.123	5253.980	5253.980	5253.980	5253.980	2927.915	1683.551	772.644	32.532	0.000	81.331	38559.010	0.557	1.000
0.125	4891.479	4891.479	4891.479	4891.479	2936.483	1619.854	726.141	39.898	0.000	15.959	38445.590	0.600	1.000
0.121	5189.795	5189.795	5189.795	5189.795	2690.085	1696.823	645.620	8.277	0.000	33.109	38232.319	0.518	1.000
0.124	4965.286	4965.286	4965.286	4965.286	2913.182	1834.822	619.655	48.285	0.000	8.047	38008.178	0.587	1.000
0.101	4578.366	4578.366	4578.366	4578.366	2675.668	1654.950	654.052	19.820	0.000	69.369	39124.216	0.584	1.000
0.119	5210.627	5210.627	5210.627	5210.627	2676.634	1661.359	696.428	8.391	0.000	75.516	39251.710	0.514	1.000
0.121	5079.811	5079.811	5079.811	5079.811	2899.209	1602.412	743.387	33.039	0.000	49.559	38102.716	0.571	1.000
0.121	5003.794	5003.794	5003.794	5003.794	2729.342	1571.440	769.178	24.812	0.000	41.354	39261.175	0.545	1.000
0.125	5181.308	5181.308	5181.308	5181.308	2762.300	1756.376	734.484	31.934	7.984	87.819	39606.273	0.533	1.000
0.123	5086.386	5086.386	5086.386	5086.386	2698.067	1695.462	774.370	8.151	0.000	73.361	40063.445	0.530	1.000
0.119	4964.183	4964.183	4955.811	4955.811	3097.382	1531.948	577.620	41.857	0.000	25.114	37988.972	0.624	0.998
0.123	5496.795	5496.795	5496.795	5496.795	2728.099	1916.165	755.099	24.358	0.000	40.597	39801.021	0.496	1.000
0.121	5271.045	5271.045	5271.045	5271.045	2874.367	1729.562	708.297	41.180	0.000	74.124	38050.356	0.545	1.000
0.124	5302.660	5302.660	5302.660	5302.660	2497.747	1584.331	727.499	8.083	0.000	48.500	39616.365	0.471	1.000
0.122	5119.065	5119.065	5119.065	5119.065	2943.871	1725.436	670.548	32.710	0.000	32.710	38965.404	0.575	1.000
0.117	5017.530	5017.530	5017.530	5017.530	3048.192	1601.157	659.300	59.936	0.000	51.374	39206.944	0.608	1.000
0.121	5003.786	5003.786	5003.786	5003.786	2860.484	1648.694	750.156	41.217	0.000	57.704	39881.909	0.572	1.000
0.121	2198.152	2198.152	2198.152	2198.152	7208.281	0.000	0.000	0.000	0.000	0.000	0.000	3.279	1.000
0.116	2313.974	2313.974	2313.974	2313.974	7432.242	0.000	0.000	0.000	0.000	0.000	0.000	3.212	1.000
0.124	2463.911	2463.911	2463.911	2463.911	7311.213	0.000	0.000	0.000	0.000	0.000	0.000	2.967	1.000
0.121	2145.213	2145.213	2145.213	2145.213	7112.205	0.000	0.000	0.000	0.000	0.000	0.000	3.315	1.000
0.122	5019.731	5019.731	5019.731	5019.731	2944.581	1574.818	697.185	32.809	0.000	24.607	39091.566	0.587	1.000
0.118	4905.233	4905.233	4905.233	4905.233	2727.953	1702.853	847.190	25.416	0.000	67.775	39470.603	0.556	1.000
0.114	5053.843	5053.843	5053.843	5053.843	3111.409	1757.858	773.458	8.789	0.000	61.525	39288.132	0.616	1.000
0.122	5399.593	5399.593	5399.593	5399.593	2679.250	1840.957	641.048	24.656	0.000	57.530	38388.888	0.496	1.000
0.122	5024.640	5024.640	5024.640	5024.640	2831.475	1653.058	679.227	40.917	0.000	40.917	38020.324	0.564	1.000
0.122	5122.558	5122.558	5122.558	5122.558	2716.756	1636.600	752.836	40.915	0.000	40.915	38844.701	0.530	1.000
0.113	5147.749	5147.749	5147.749	5147.749	3111.568	1639.523	766.874	52.888	0.000	70.517	38793.228	0.604	1.000
0.119	4912.313	4912.313	4912.313	4912.313	2603.610	1575.648	741.481	25.278	0.000	42.130	38961.466	0.530	1.000
0.113	4947.784	4947.784	4947.784	4947.784	2769.348	1561.066	608.551	17.639	0.000	88.196	38709.136	0.560	1.000
0.114	5055.607	5055.607	5055.607	5055.607	2807.698	1828.065	612.271	43.734	0.000	96.214	39613.914	0.555	1.000
0.118	4902.659	4902.659	4902.659	4902.659	2922.902	1546.419	560.789	25.490	0.000	76.471	38821.922	0.596	1.000
0.116	4969.623	4969.623	4969.623	4969.623	2945.600	1524.477	732.094	34.451	0.000	25.839	38249.733	0.593	1.000
0.115	5162.871	5162.871	5162.871	5162.871	3000.047	1735.492	619.196	34.884	0.000	52.326	38555.832	0.581	1.000
0.114	5395.714	5395.714	5395.714	5395.714	2632.056	1903.854	640.467	17.547	0.000	8.774	39261.498	0.488	1.000
0.117	4953.650	4953.650	4953.650	4953.650	2879.631	1774.058	522.790	34.281	0.000	51.422	38575.051	0.581	1.000
0.122	5071.912	5071.912	5071.912	5071.912	2622.269	1479.650	632.962	24.661	0.000	41.101	38939.464	0.517	1.000
0.119	4836.602	4836.602	4836.602	4836.602	3006.083	1452.660	612.972	25.191	8.397	33.588	38356.942	0.622	1.000
0.125	5056.559	5056.559	5056.559	5056.559	2740.639	1594.699	681.153	0.000	0.000	40.068	39442.764	0.542	1.000
0.118	5084.034	5084.034	5084.034	5084.034	2885.762	1468.344	712.953	25.463	0.000	93.363	38474.002	0.568	1.000
0.122	5207.488	5207.488	5207.488	5207.488	2591.443	1812.370	680.664	24.602	0.000	24.602	38871.645	0.498	1.000
0.119	5123.830	5123.830	5123.830	5123.830	2852.181	1758.424	689.908	25.241	0.000	126.203	39030.292	0.557	1.000
0.100	5023.506	5023.506	5023.506	5023.506	2731.033	1574.829	707.676	9.967	0.000	29.902	37875.641	0.544	1.000
0.124	5165.836	5165.836	5165.836	5165.836	2848.452	1762.178	724.183	8.046	0.000	48.279	38719.629	0.551	1.000
0.121	5309.323	5309.323	5309.323	5309.323	2791.329	1747.687	629.499	33.132	0.000	24.849	39931.744	0.526	1.000
0.122	5163.399	5163.399	5163.399	5163.399	2762.009	1737.525	680.257	0.000	0.000	40.979	39036.936	0.535	1.000
0.113	5067.889	5067.889	5067.889	5067.889	2741.067	1542.401	881.372	35.255	0.000	44.069	39018.340	0.541	1.000
0.118	4838.440	4838.440	4838.440	4838.440	2870.977	1663.478	599.527	42.220	0.000	16.888	38690.632	0.593	1.000
0.121	5046.796	5046.796	5046.796	5046.796	2948.782	1685.019	735.131	8.260	0.000	41.299	39011.484	0.584	1.000
0.121	4832.476	4832.476	4832.476	4832.476	2829.977	1497.736	786.105	24.824	0.000	24.824	38270.891	0.586	1.000
0.123	5014.141	5014.141	5014.141	5014.141	2653.588	1872.163	553.509	48.839	0.000	40.699	38729.355	0.529	1.000
0.116	4845.122	4845.122	4845.122	4845.122	2824.162	1537.311	690.926	25.910	0.000	51.819	37992.318	0.583	1.000
0.118	5385.939	5385.939	5385.939	5385.939	2616.513	1665.054	866.508	33.981	0.000	67.961	40199.156	0.486	1.000
0.123	5101.447	5101.447	5101.447	5101.447	2898.918	1643.800	534.437	24.293	0.000	56.683	38884.364	0.568	1.000
0.112	5061.105	5061.105	5061.105	5061.105	2749.242	1588.848	615.902	35.704	0.000	44.631	38899.994	0.543	1.000
0.121	5429.629	5429.629	5429.629	5429.629	2776.796	1578.477	743.785	41.321	0.000	16.529	39172.663	0.511	1.000
0.120	4958.706	4958.706	4958.706	4958.706	2759.482	1689.138	744.224	8.362	0.000	50.172	39443.872	0.556	1.000
0.120	4927.015	4927.015	4927.015	4927.015	2792.809	1775.726	641.929	16.673	0.000	66.694	39516.159	0.567	1.000
0.119	5012.348	5012.348	5012.348	5012.348	2796.806	1625.854	598.112	25.272	0.000	50.545	38641.409	0.558	1.000
0.124	4968.727	4968.727	4968.727	4968.727	2702.858	1699.402	663.576	32.370	0.000	64.739	39053.870	0.544	1.000
0.122	4959.681	4959.681	4959.681	4959.681	2737.221	1576.966	702.689	24.512	0.000	40.854	38958.413	0.552	1.000
0.120	5346.191	5346.191	5346.191	5346.191	2789.317	1710.117	672.425	8.302	0.000	66.412	39664.751	0.522	1.000
0.121	4769.775	4769.775	4769.775	4769.775	2726.763	1573.449	584.895	16.476	0.000	41.190	38817.237	0.572	1.000
0.121	4972.084	4972.084	4972.084	4972.084	2815.319	1457.051	897.280	24.696	0.000	41.160	38830.003	0.566	1.000
0.117	5365.021	5365.021	5365.021	5365.021	2865.893	1765.595	690.885	34.118	0.000	51.177	37981.616	0.534	1.000
0.123	5051.290	5051.290	5051.290	5051.290	2864.302	1599.439	750.757	73.444	0.000	40.802	38990.406	0.567	1.000
0.119	5027.330	5027.330	5027.330	5027.330	2714.758	1583.609	653.553	8.379	0.000	33.516	38090.402	0.540	1.000
0.125	5053.421	5053.421	5053.421	5053.421	2698.351	1564.724	814.295	31.933	0.000	55.883	38136.163	0.534	1.000
0.121	4633.556	4633.556	4633.556	4633.556	2742.140	1544.519	586.422	24.778	0.000	57.816	38456.038	0.592	1.000
0.124	5475.881	5475.881	5475.881	5475.881	2887.577	1771.371	768.403	32.354	0.000	40.442	39867.975	0.527	1.000
0.102	5221.943	5221.943	5221.943	5221.943	2772.022	1542.181	751.569	48.803	0.000	39.043	39071.849	0.531	1.000
0.116	5095.561	5095.561	5095.561	5095.561	2755.058	1658.217	716.833	17.273	0.000	60.456	39788.560	0.541	1.000
0.114	5160.026	5160.026	5160.026	5160.026	2562.402	1769.906	695.635	17.611	0.000	8.806	39272.549	0.497	1.000
0.116	5086.262	5086.262	5086.262	5086.262	2970.584	1614.823	751.282	17.271	0.000	43.177	38919.837	0.584	1.000
0.124	4896.846	4896.846	4896.846	4896.846	2849.074	1529.758	696.081	16.188	8.094	89.034	38592.001	0.582	1.000
0.122	5386.380	5386.380	5386.380	5386.380	2750.492	1694.500	687.623	24.558	0.000	57.302	38752.467	0.511	1.000
0.117	5262.739	5262.739	5262.739	5262.739	2742.796	1525.680	771.411	8.571	0.000	42.856	38467.708	0.521	1.000
0.101	5288.803	5288.803	5288.803	5288.803	2689.054	1488.406	764.048	19.845	0.000	59.536	39839.669	0.508	1.000
0.114	2040.894	2040.894	2040.894	2040.894	7243.859	0.000	0.000	0.000	0.000	0.000	0.000	3.549	1.000
0.120	2399.731	2399.731	2399.731	2399.731	7557.487	0.000	0.000	0.000	0.000	0.000	0.000	3.149	1.000
0.123	2532.570	2532.570	2532.570	2532.570	6946.246	0.000	0.000	0.000	0.000	0.000	0.000	2.743	1.000
0.114	2224.494	2224.494	2224.494	2224.494	7587.897	0.000	0.000	0.000	0.000	0.000	0.000	3.411	1.000
0.121	2108.234	2108.234	2108.234	2108.234	6159.998	24.706	16.471	0.000	0.000	0.000	518.823	2.922	1.000
0.117	4920.754	4920.754	4920.754	4920.754	2751.850	1551.666	848.702	17.145	0.000	17.145	38517.332	0.559	1.000
0.119	5101.224	5101.224	5101.224	5101.224	2684.855	1535.401	587.312	16.780	0.000	83.902	38368.253	0.526	1.000
0.121	5059.521	5059.521	5059.521	5059.521	2913.558	1782.800	685.057	24.761	0.000	49.522	38321.951	0.576	1.000
0.123	5272.618	5272.618	5272.618	5272.618	2697.241	1649.217	739.304	16.248	0.000	48.745	39540.575	0.512	1.000
0.123	4833.586	4833.586	4833.586	4833.586	2673.552	1540.553	725.445	16.302	0.000	81.511	39524.553	0.553	1.000
0.118	5114.048	5114.048	5114.048	5114.048	2786.392	1758.485	688.103	16.990	0.000	25.485	39017.979	0.545	1.000
0.121	5119.901	5119.901	5119.901	5119.901	2828.766	1645.978	537.631	41.356	0.000	41.356	39263.599	0.553	1.000
0.124	4717.231	4717.231	4717.231	4717.231	2726.770	1537.348	655.396	40.457	0.000	24.274	38466.062	0.578	1.000
0.118	5289.130	5280.681	5280.681	5280.681	2847.343	1943.291	616.784	50.695	8.449	101.389	38933.404	0.538	1.000
0.125	4977.150	4977.150	4977.150	4977.150	2681.239	1733.975	666.296	40.138	0.000	56.194	39833.254	0.539	1.000
0.117	5011.303	5011.303	5011.303	5011.303	2714.811	1476.926	665.897	8.537	0.000	25.611	39117.186	0.542	1.000
0.122	4829.780	4829.780	4829.780	4829.780	2884.793	1560.893	563.883	16.344	0.000	24.517	38196.943	0.597	1.000
0.100	5224.371	5224.371	5224.371	5224.371	2851.470	1625.138	837.495	9.970	0.000	39.881	39202.725	0.546	1.000
0.124	5283.681	5283.681	5283.681	5283.681	2751.074	1796.290	760.591	32.366	8.091	64.731	40432.700	0.521	1.000
0.125	4934.042	4934.042	4934.042	4934.042	2787.413	1537.883	624.765	32.039	0.000	24.029	39039.805	0.565	1.000
0.120	5094.797	5094.797	5094.797	5094.797	2655.976	1536.791	626.410	41.761	0.000	16.704	39472.152	0.521	1.000
0.124	5092.187	5092.187	5092.187	5092.187	2881.000	1735.056	645.602	8.070	0.000	48.420	39002.443	0.566	1.000
0.122	5242.272	5242.272	5242.272	5242.272	2625.225	1782.863	670.618	0.000	0.000	24.535	38257.956	0.501	1.000
0.114	4863.825	4863.825	4863.825	4863.825	2677.738	1501.289	719.916	35.118	0.000	87.795	39217.885	0.551	1.000
0.113	5155.692	5155.692	5155.692	5155.692	2811.394	1859.574	696.239	26.439	0.000	61.692	38848.356	0.545	1.000
0.116	5143.239	5143.239	5143.239	5143.239	2661.777	1605.652	798.533	17.173	0.000	51.518	37771.470	0.518	1.000
0.119	4699.705	4699.705	4699.705	4699.705	2653.059	1507.611	766.439	25.267	0.000	50.534	39172.628	0.565	1.000
0.117	5047.019	5047.019	5047.019	5047.019	2855.999	1585.719	613.827	25.576	0.000	68.203	38449.418	0.566	1.000
0.118	5144.210	5144.210	5144.210	5144.210	2763.419	1539.012	731.243	42.514	0.000	42.514	39453.115	0.537	1.000
0.115	5096.629	5096.629	5096.629	5096.629	2626.324	1560.192	641.412	26.003	8.668	86.677	38268.053	0.515	1.000
0.115	5325.228	5325.228	5325.228	5325.228	2862.093	1561.142	797.917	0.000	0.000	43.365	38855.081	0.537	1.000
0.121	5191.119	5191.119	5191.119	5191.119	2949.874	1631.495	791.028	16.480	0.000	49.439	39518.424	0.568	1.000
0.118	4881.040	4881.040	4881.040	4881.040	2806.173	1488.122	739.809	25.511	0.000	127.553	39354.449	0.575	1.000
0.123	4896.939	4896.939	4896.939	4896.939	2530.085	1477.243	759.026	24.485	0.000	40.808	38269.580	0.517	1.000
0.125	5091.992	5091.992	5091.992	5091.992	2829.772	1646.704	671.471	39.969	7.994	55.956	38697.537	0.556	1.000
0.122	5136.440	5136.440	5136.440	5136.440	2748.734	1698.471	787.697	32.821	0.000	49.231	39023.814	0.535	1.000
0.124	5092.527	5092.527	5092.527	5092.527	2752.063	1767.454	669.857	40.353	0.000	40.353	38867.845	0.540	1.000
0.116	5463.111	5463.111	5463.111	5463.111	3179.634	1731.996	835.839	25.851	0.000	43.084	39198.250	0.582	1.000
0.123	5072.409	5072.409	5072.409	5072.409	3061.358	1620.240	700.204	16.284	0.000	48.851	38706.632	0.604	1.000
0.123	5334.789	5334.789	5334.789	5334.789	2907.663	1873.285	790.037	24.434	0.000	40.724	39925.394	0.545	1.000
0.123	5106.756	5106.756	5106.756	5106.756	2935.572	1658.883	731.860	32.527	0.000	73.186	39292.747	0.575	1.000
0.120	4938.730	4938.730	4938.730	4938.730	2523.318	1452.568	730.434	16.601	0.000	41.502	39468.339	0.511	1.000
0.115	5050.028	5050.028	5050.028	5050.028	2620.790	1697.854	696.556	34.828	0.000	26.121	38920.043	0.519	1.000
0.121	5388.470	5388.470	5388.470	5388.470	2855.146	1617.366	808.683	24.756	0.000	33.007	39468.684	0.530	1.000
0.120	5176.530	5176.530	5176.530	5176.530	3030.775	1561.308	642.892	50.095	0.000	50.095	39633.852	0.585	1.000
0.124	4953.019	4953.019	4953.019	4953.019	2770.469	1618.792	716.778	40.268	0.000	48.322	39382.545	0.559	1.000
0.123	4878.498	4878.498	4878.498	4878.498	2756.352	1609.904	748.036	16.262	8.131	32.523	38710.884	0.565	1.000
0.117	4897.681	4897.681	4897.681	4897.681	2810.843	1643.917	655.863	17.035	0.000	25.553	39760.652	0.574	1.000
0.120	5481.231	5481.231	5481.231	5481.231	2757.326	1863.284	710.220	25.067	0.000	41.778	39154.036	0.503	1.000
0.120	5080.418	5080.418	5080.418	5080.418	2715.684	1629.410	576.561	25.068	0.000	50.136	39423.378	0.535	1.000
0.125	4767.177	4767.177	4767.177	4767.177	2865.121	1540.906	553.763	16.051	0.000	40.128	38651.049	0.601	1.000
0.122	5436.220	5436.220	5436.220	5436.220	2820.295	1749.400	621.282	16.350	0.000	32.699	39737.541	0.519	1.000
0.120	5044.863	5044.863	5044.863	5044.863	2850.721	1628.984	789.558	16.622	0.000	58.178	39295.076	0.565	1.000
0.120	5308.347	5308.347	5308.347	5308.347	2933.341	1666.671	833.335	50.000	0.000	25.000	39233.431	0.553	1.000
0.126	5143.923	5143.923	5143.923	5143.923	3017.874	1672.173	644.981	23.888	0.000	95.553	38515.722	0.587	1.000
0.121	4940.834	4940.834	4940.834	4940.834	2810.306	1765.768	679.779	0.000	0.000	74.610	37669.712	0.569	1.000
0.126	4989.376	4989.376	4989.376	4989.376	2728.689	1697.498	690.104	7.932	0.000	63.458	38661.711	0.547	1.000
0.121	4850.805	4850.805	4850.805	4850.805	2693.974	1545.316	652.834	8.264	0.000	16.527	38542.003	0.555	1.000
0.123	4961.992	4961.992	4961.992	4961.992	3017.867	1659.420	618.215	40.672	0.000	32.538	39305.484	0.608	1.000
0.125	5056.787	5056.787	5056.787	5056.787	2997.208	1682.924	713.239	16.028	8.014	56.097	39484.613	0.593	1.000
0.115	5267.201	5267.201	5267.201	5267.201	2690.004	1666.067	728.904	26.032	0.000	34.710	38345.571	0.511	1.000
0.122	5141.666	5141.666	5141.666	5141.666	2632.140	1667.567	637.599	57.220	0.000	57.220	39351.316	0.512	1.000
0.124	5224.597	5224.597	5224.597	5224.597	2539.510	1738.836	590.396	32.350	0.000	40.438	39443.281	0.486	1.000
0.124	5009.108	5009.108	5009.108	5009.108	2725.662	1535.698	715.587	16.081	0.000	48.242	38376.362	0.544	1.000
0.123	5513.467	5513.467	5513.467	5513.467	2578.357	1759.445	745.940	48.648	0.000	40.540	39356.426	0.468	1.000
0.119	5691.154	5691.154	5691.154	5691.154	3051.534	1874.634	714.547	16.813	0.000	58.845	39644.727	0.536	1.000
0.123	5191.483	5191.483	5191.483	5191.483	2946.738	1763.145	742.807	8.163	0.000	81.627	39548.325	0.568	1.000
0.118	4722.489	4722.489	4722.489	4722.489	2887.853	1418.446	704.976	33.975	0.000	16.987	39393.716	0.612	1.000
0.122	4731.772	4731.772	4731.772	4731.772	2898.006	1473.562	613.984	32.746	0.000	24.559	38877.483	0.612	1.000
0.124	5234.290	5234.290	5234.290	5234.290	2880.073	1634.199	825.190	56.631	0.000	32.360	38597.835	0.550	1.000
0.123	5002.655	5002.655	5002.655	5002.655	2983.755	1475.662	672.967	32.432	0.000	105.404	39259.083	0.596	1.000
0.122	5273.979	5273.979	5273.979	5273.979	2801.288	1527.975	640.764	32.860	0.000	65.719	38889.432	0.531	1.000
0.122	4743.171	4743.171	4743.171	4743.171	2653.237	1436.830	644.941	32.655	8.164	40.819	38451.527	0.559	1.000
0.116	5130.945	5130.945	5130.945	5130.945	2987.312	1739.012	740.371	34.436	0.000	94.699	39317.159	0.582	1.000
0.124	4894.678	4894.678	4894.678	4894.678	2973.778	1462.777	634.942	24.112	0.000	48.223	39639.658	0.608	1.000
0.116	4879.752	4879.752	4879.752	4879.752	2846.522	1643.888	674.859	43.260	0.000	34.608	39271.619	0.583	1.000
0.112	5441.488	5441.488	5441.488	5441.488	2609.421	1674.304	756.999	17.812	0.000	44.529	38972.097	0.480	1.000
0.124	5268.355	5268.355	5268.355	5268.355	2727.244	1683.284	752.622	24.278	0.000	40.464	38488.934	0.518	1.000
0.117	4852.390	4852.390	4852.390	4852.390	2683.389	1637.467	651.558	17.146	0.000	60.012	39024.875	0.553	1.000
0.122	5250.652	5250.652	5250.652	5250.652	2797.613	1722.870	795.802	24.612	0.000	90.246	38592.289	0.533	1.000
0.120	4898.835	4898.835	4898.835	4898.835	2748.329	1635.713	880.130	24.909	0.000	66.425	38401.884	0.561	1.000
0.124	5530.363	5530.363	5530.363	5530.363	2765.181	1797.771	757.805	8.062	0.000	24.185	39180.120	0.500	1.000
0.124	4927.881	4927.881	4927.881	4927.881	2813.635	1680.142	586.844	16.078	0.000	16.078	39487.356	0.571	1.000
0.115	5248.085	5248.085	5248.085	5248.085	2693.554	1720.399	703.799	34.756	0.000	26.067	39160.793	0.513	1.000
0.124	5338.677	5338.677	5338.677	5338.677	2725.961	1860.448	833.157	0.000	0.000	32.356	38713.497	0.511	1.000
0.124	5073.396	5073.396	5073.396	5073.396	2823.034	1661.557	580.739	40.329	0.000	72.592	39006.269	0.556	1.000
0.122	5071.282	5071.282	5071.282	5071.282	2743.882	1461.770	767.634	32.665	0.000	57.164	38798.163	0.541	1.000
0.125	4850.846	4850.846	4850.846	4850.846	2681.574	1464.860	616.362	24.014	0.000	40.023	38910.833	0.553	1.000
0.124	5256.208	5256.208	5256.208	5256.208	3062.103	1824.402	683.146	24.111	0.000	56.259	38770.562	0.583	1.000
0.118	5257.464	5257.464	5257.464	5257.464	2675.146	1578.083	691.994	16.878	8.439	25.317	37806.486	0.509	1.000
0.123	4963.280	4963.280	4963.280	4963.280	2901.359	1499.579	684.590	16.300	0.000	65.199	38663.054	0.585	1.000
0.119	4933.858	4933.858	4933.858	4933.858	2664.452	1882.767	613.580	8.405	0.000	16.810	37789.823	0.540	1.000
0.123	4960.052	4960.052	4960.052	4960.052	2902.850	1715.690	601.711	16.262	0.000	56.919	39566.578	0.585	1.000
0.125	5209.176	5209.176	5209.176	5209.176	2800.632	1576.356	680.154	40.009	0.000	0.000	38832.765	0.538	1.000
0.123	5208.395	5208.395	5208.395	5208.395	2758.822	1749.695	683.602	0.000	0.000	24.414	39478.005	0.530	1.000
0.124	5148.243	5148.243	5148.243	5148.243	2719.370	1581.592	693.964	32.277	8.069	32.277	39426.823	0.528	1.000
0.119	5022.098	5022.098	5022.098	5022.098	2856.529	1693.694	749.944	25.279	0.000	25.279	39249.887	0.569	1.000
0.121	4946.987	4946.987	4946.987	4946.987	3002.937	1753.781	587.351	41.363	0.000	49.635	38119.930	0.607	1.000
0.117	5310.991	5310.991	5310.991	5310.991	2711.265	1690.251	797.936	34.320	0.000	17.160	39296.186	0.511	1.000
0.115	5115.917	5115.917	5115.917	5115.917	2731.380	1595.473	728.368	17.342	0.000	60.697	38889.643	0.534	1.000
0.121	5151.813	5151.813	5151.813	5151.813	3089.432	1656.532	704.026	24.848	0.000	57.979	39657.368	0.600	1.000
0.120	5101.530	5101.530	5101.530	5101.530	2871.171	1689.414	682.423	16.644	8.322	33.289	39888.475	0.563	1.000
0.119	4950.997	4950.997	4950.997	4950.997	2854.401	1717.693	631.505	8.420	0.000	8.420	38909.108	0.577	1.000
0.119	5056.339	5056.339	5056.339	5056.339	2700.640	1640.576	622.578	33.653	0.000	25.240	38826.963	0.534	1.000
0.118	5293.365	5293.365	5293.365	5293.365	2680.723	1753.108	655.288	17.020	0.000	42.551	38976.866	0.506	1.000
0.124	5422.906	5422.906	5422.906	5422.906	2885.212	1939.638	654.628	40.409	0.000	16.164	38687.705	0.532	1.000
0.118	5336.026	5336.026	5336.026	5336.026	2791.022	1764.536	695.635	25.450	0.000	50.900	39014.919	0.523	1.000
0.122	5067.099	5067.099	5067.099	5067.099	2865.080	1596.259	646.690	49.116	0.000	57.302	39006.019	0.565	1.000
0.123	5029.907	5029.907	5029.907	5029.907	3066.621	1622.551	527.329	24.338	0.000	48.677	39119.696	0.610	1.000
0.116	4834.732	4834.732	4834.732	4834.732	2507.534	1494.216	686.996	42.937	0.000	51.525	38703.622	0.519	1.000
0.121	5289.294	5289.294	5289.294	5289.294	2924.766	1779.576	741.490	24.716	0.000	65.910	38845.830	0.553	1.000
0.122	5077.267	5077.267	5077.267	5077.267	3118.775	1588.189	617.172	24.687	0.000	90.519	38873.597	0.614	1.000
0.121	5188.349	5188.349	5188.349	5188.349	2875.072	1701.911	817.908	33.047	0.000	57.832	39210.038	0.554	1.000
0.119	5219.856	5219.856	5219.856	5219.856	3066.561	1675.716	678.665	16.757	0.000	58.650	39220.138	0.587	1.000
0.119	5118.114	5118.114	5118.114	5118.114	2782.500	1703.227	556.500	25.295	0.000	67.455	38457.524	0.544	1.000
0.122	5397.874	5397.874	5397.874	5397.874	2907.176	1706.741	734.960	32.665	0.000	48.997	39434.696	0.539	1.000
0.122	4791.483	4791.483	4791.483	4791.483	2937.245	1435.804	680.981	24.614	0.000	73.841	39070.277	0.613	1.000
0.117	2360.826	2360.826	2360.826	2360.826	7713.167	0.000	0.000	0.000	0.000	0.000	0.000	3.267	1.000
0.125	2579.991	2579.991	2579.991	2579.991	6933.226	0.000	0.000	0.000	0.000	0.000	0.000	2.687	1.000
0.118	2298.246	2298.246	2298.246	2298.246	7545.344	0.000	0.000	0.000	0.000	0.000	0.000	3.283	1.000
0.124	2331.635	2331.635	2331.635	2331.635	7561.623	0.000	0.000	0.000	0.000	0.000	0.000	3.243	1.000
0.120	5239.777	5239.777	5239.777	5239.777	2736.328	1630.153	756.857	66.537	0.000	49.903	39115.354	0.522	1.000
0.118	5589.303	5589.303	5589.303	5589.303	2739.522	1730.224	670.038	8.481	0.000	59.370	39082.715	0.490	1.000
0.100	5002.736	5002.736	5002.736	5002.736	2785.955	1627.637	689.000	19.971	0.000	39.942	39602.497	0.557	1.000
0.121	5195.627	5195.627	5195.627	5195.627	2758.886	1602.467	826.014	16.520	0.000	74.341	39574.322	0.531	1.000
0.122	5191.182	5191.182	5191.182	5191.182	2763.710	1664.787	664.274	32.804	0.000	24.603	39462.823	0.532	1.000
0.118	5321.652	5321.652	5321.652	5321.652	2783.895	1748.422	763.874	16.975	0.000	33.950	39695.961	0.523	1.000
0.121	5143.686	5143.686	5143.686	5143.686	2795.122	1612.570	595.411	24.809	0.000	33.078	39669.233	0.543	1.000
0.123	4988.375	4988.375	4988.375	4988.375	2774.936	1635.666	659.149	48.826	0.000	89.514	38067.891	0.556	1.000
0.120	5233.459	5233.459	5233.459	5233.459	3108.408	1766.709	725.017	8.334	0.000	41.668	39142.606	0.594	1.000
0.124	5084.377	5084.377	5084.377	5084.377	2795.203	1566.277	634.543	40.161	0.000	40.161	38281.426	0.550	1.000
0.123	5112.627	5112.627	5112.627	5112.627	3142.475	1701.495	765.266	16.282	0.000	73.270	39004.134	0.615	1.000
0.117	5340.374	5340.374	5340.374	5340.374	3125.865	1746.055	698.422	25.552	0.000	59.621	38617.630	0.585	1.000
0.124	5192.134	5192.134	5192.134	5192.134	2563.918	1728.032	602.802	32.149	0.000	48.224	38563.253	0.494	1.000
0.124	5120.536	5120.536	5120.536	5120.536	2572.402	1836.274	541.984	16.179	0.000	24.268	38270.544	0.502	1.000
0.124	5110.946	5110.946	5110.946	5110.946	2858.254	1768.242	670.156	8.074	0.000	32.297	38893.253	0.559	1.000
0.118	5257.918	5257.918	5257.918	5257.918	2874.894	1679.142	712.363	67.844	0.000	76.325	39179.968	0.547	1.000
0.121	5330.467	5330.467	5330.467	5330.467	3031.858	1680.704	782.681	41.194	0.000	32.955	39397.670	0.569	1.000
0.123	5003.861	5003.861	5003.861	5003.861	2843.103	1616.507	617.359	24.369	0.000	8.123	39811.564	0.568	1.000
0.122	5270.604	5270.604	5270.604	5270.604	2688.417	1609.781	743.605	40.857	0.000	32.686	39402.872	0.510	1.000
0.119	4945.589	4945.589	4945.589	4945.589	2767.175	1530.777	756.978	8.411	0.000	67.287	39497.422	0.560	1.000
0.121	5161.129	5161.129	5161.129	5161.129	2704.234	1698.391	725.526	8.245	0.000	65.957	38914.585	0.524	1.000
0.121	5052.396	5052.396	5052.396	5052.396	2818.792	1747.321	651.124	32.968	0.000	49.452	39759.804	0.558	1.000
0.125	4959.536	4959.536	4959.536	4959.536	2895.729	1735.838	567.947	31.997	0.000	63.994	38452.401	0.584	1.000
0.121	4801.080	4801.080	4801.080	4801.080	2714.012	1451.873	857.925	16.499	0.000	49.496	39340.807	0.565	1.000
0.122	5015.528	5015.528	5015.528	5015.528	2851.967	1458.765	803.140	8.195	0.000	65.562	38985.077	0.569	1.000
0.118	5229.937	5229.937	5229.937	5229.937	3056.457	1867.835	772.604	33.961	0.000	59.431	39615.073	0.584	1.000
0.117	5195.592	5195.592	5195.592	5195.592	3141.321	1592.059	753.232	25.678	0.000	85.595	38474.768	0.605	1.000
0.126	4912.786	4912.786	4912.786	4912.786	2874.418	1608.400	764.388	23.887	0.000	47.774	39859.655	0.585	1.000
0.119	5129.359	5129.359	5129.359	5129.359	2695.230	1684.519	758.033	42.113	0.000	67.381	38642.857	0.525	1.000
0.127	3712.448	3712.448	3712.448	3712.448	5194.275	859.144	189.169	7.882	0.000	15.764	18743.529	1.399	1.000
0.123	2277.725	2277.725	2277.725	2277.725	6979.078	0.000	0.000	0.000	0.000	0.000	0.000	3.064	1.000
0.117	2627.993	2627.993	2627.993	2627.993	7644.294	0.000	0.000	0.000	0.000	0.000	0.000	2.909	1.000
0.123	2389.329	2389.329	2389.329	2389.329	7184.187	0.000	0.000	0.000	0.000	0.000	0.000	3.007	1.000
0.122	2188.835	2188.835	2188.835	2188.835	6475.990	0.000	0.000	0.000	0.000	0.000	0.000	2.959	1.000
0.124	5026.204	5026.204	5026.204	5026.204	2851.404	1772.059	660.495	16.110	0.000	8.055	39339.708	0.567	1.000
0.113	4725.306	4725.306	4725.306	4725.306	3049.728	1666.712	540.795	26.596	0.000	44.327	38626.936	0.645	1.000
0.117	5010.895	5010.895	5010.895	5010.895	2905.978	1755.518	596.535	42.610	0.000	25.566	38527.644	0.580	1.000
0.119	5180.889	5180.889	5180.889	5180.889	2788.414	1667.994	724.482	33.697	0.000	33.697	39568.517	0.538	1.000
0.117	5168.516	5168.516	5168.516	5168.516	2477.822	1600.792	851.485	17.030	0.000	17.030	39866.543	0.479	1.000
0.112	5320.580	5320.580	5320.580	5320.580	2933.026	1636.414	751.141	0.000	0.000	53.653	39363.349	0.551	1.000
0.123	5192.652	5192.652	5192.652	5192.652	2726.550	1562.679	756.923	48.834	0.000	16.278	39172.784	0.525	1.000
0.112	4874.152	4874.152	4874.152	4874.152	2837.326	1298.588	738.238	0.000	8.894	88.944	37623.472	0.582	1.000
0.114	5260.823	5260.823	5260.823	5260.823	2831.406	1660.393	681.635	26.217	0.000	87.389	39010.486	0.538	1.000
0.123	4763.128	4763.128	4763.128	4763.128	2939.298	1571.425	602.515	16.284	0.000	24.426	38471.419	0.617	1.000
0.118	4890.198	4890.198	4890.198	4890.198	2781.034	1666.920	569.814	34.019	0.000	34.019	39189.622	0.569	1.000
0.117	5330.181	5330.181	5330.181	5330.181	2789.547	1690.895	678.075	34.333	0.000	25.750	39242.491	0.523	1.000
0.123	4831.616	4831.616	4831.616	4831.616	2813.038	1605.134	591.792	24.320	0.000	64.854	38531.328	0.582	1.000
0.123	5435.551	5435.551	5435.551	5435.551	2937.476	1635.548	740.472	0.000	0.000	40.685	39057.855	0.540	1.000
0.114	5301.139	5301.139	5301.139	5301.139	2826.687	1743.564	854.170	35.224	8.806	35.224	39001.237	0.533	1.000
0.113	5170.676	5170.676	5170.676	5170.676	2638.280	1773.559	670.600	8.824	0.000	52.942	38727.126	0.510	1.000
0.114	5105.202	5105.202	5105.202	5105.202	2828.440	1628.761	683.029	35.027	0.000	35.027	38433.505	0.554	1.000
0.118	5251.982	5251.982	5251.982	5251.982	2672.656	1603.594	755.132	25.454	0.000	84.846	39037.754	0.509	1.000
0.113	4988.019	4988.019	4988.019	4988.019	3160.550	1659.730	679.783	52.970	0.000	61.798	40539.794	0.634	1.000
0.118	5263.870	5263.870	5263.870	5263.870	2797.759	1717.773	612.276	25.511	0.000	25.511	39321.701	0.532	1.000
0.112	4786.033	4786.033	4786.033	4786.033	2688.783	1631.195	645.308	8.963	0.000	26.888	38996.313	0.562	1.000
0.113	4925.417	4925.417	4925.417	4925.417	2842.266	1677.113	635.538	35.308	8.827	44.135	38008.684	0.577	1.000
0.119	5256.812	5256.812	5256.812	5256.812	2787.449	1782.963	744.994	8.371	0.000	50.224	38413.230	0.530	1.000
0.124	4974.827	4974.827	4974.827	4974.827	2907.366	1477.911	726.842	24.228	0.000	24.228	39499.804	0.584	1.000
0.124	5496.991	5496.991	5496.991	5496.991	2881.682	1759.683	782.978	16.144	0.000	40.360	39487.927	0.524	1.000
0.117	4926.732	4926.732	4926.732	4926.732	2775.022	1673.552	580.620	25.616	0.000	51.231	39226.005	0.563	1.000
0.125	5508.697	5508.697	5508.697	5508.697	2802.389	1617.379	920.785	24.020	0.000	80.068	39097.336	0.509	1.000
0.124	5270.260	5270.260	5270.260	5270.260	2966.542	1560.062	775.989	8.083	0.000	40.416	38403.386	0.563	1.000
0.123	5501.594	5501.594	5501.594	5501.594	3023.032	1730.930	715.126	16.253	0.000	56.885	39445.696	0.549	1.000
0.122	5487.304	5487.304	5487.304	5487.304	2940.212	1908.271	769.861	24.570	0.000	32.760	39623.250	0.536	1.000
0.121	5037.185	5037.185	5037.185	5037.185	2865.415	1461.609	726.676	8.258	0.000	24.773	39430.425	0.569	1.000
0.125	5156.231	5156.231	5156.231	5156.231	2674.494	1742.838	730.868	8.032	0.000	16.063	39739.924	0.519	1.000
0.124	5224.807	5224.807	5224.807	5224.807	2882.097	1690.616	652.095	24.152	0.000	56.354	39616.757	0.552	1.000
0.122	5131.988	5131.988	5131.988	5131.988	2672.910	1537.951	838.883	8.224	0.000	24.673	38827.106	0.521	1.000
0.121	5292.507	5292.507	5292.507	5292.507	2889.825	1725.638	685.301	16.513	0.000	49.540	39053.916	0.546	1.000
0.124	5159.149	5159.149	5159.149	5159.149	2957.269	1743.824	626.812	0.000	0.000	16.072	39416.862	0.573	1.000
0.118	4914.217	4914.217	4914.217	4914.217	2786.412	1393.206	709.268	16.887	0.000	25.331	38410.266	0.567	1.000
0.120	4870.269	4870.269	4870.269	4870.269	2868.789	1609.524	633.802	25.019	0.000	50.037	38345.031	0.589	1.000
0.113	5326.973	5326.973	5326.973	5326.973	2738.577	1696.151	803.905	17.668	0.000	70.673	39099.809	0.514	1.000
0.119	5247.853	5247.853	5247.853	5247.853	2805.032	1651.010	783.387	33.694	0.000	50.541	38765.038	0.535	1.000
0.124	5173.036	5173.036	5173.036	5173.036	2663.425	1805.300	590.973	40.478	0.000	80.955	39773.277	0.515	1.000
0.123	4977.327	4977.327	4977.327	4977.327	2772.387	1621.279	770.108	16.213	0.000	72.958	38740.466	0.557	1.000
0.120	4820.865	4820.865	4820.865	4820.865	2817.713	1712.238	598.452	8.312	0.000	41.559	38924.332	0.584	1.000
0.115	4969.335	4969.335	4969.335	4969.335	2792.541	1639.100	572.384	60.707	0.000	69.380	38184.958	0.562	1.000
0.121	5202.405	5202.405	5202.405	5202.405	2700.296	1725.877	726.685	33.031	0.000	16.516	39075.843	0.519	1.000
0.123	4828.659	4828.659	4828.659	4828.659	2755.750	1642.069	528.389	16.258	0.000	65.032	38743.080	0.571	1.000
0.126	5374.308	5374.308	5374.308	5374.308	2778.716	1759.588	668.803	31.848	0.000	15.924	38695.016	0.517	1.000
0.123	5573.908	5573.908	5573.908	5573.908	3018.186	1882.310	616.619	40.567	0.000	81.134	39382.461	0.541	1.000
0.118	5138.728	5138.728	5138.728	5138.728	2785.241	1608.498	694.194	33.863	0.000	50.795	39128.832	0.542	1.000
0.119	5156.188	5156.188	5156.188	5156.188	2988.245	1640.605	811.932	75.334	8.370	41.852	40270.164	0.580	1.000
0.115	4932.376	4932.376	4932.376	4932.376	3085.986	1482.313	641.469	43.342	0.000	69.348	39727.735	0.626	1.000
0.122	5197.263	5197.263	5197.263	5197.263	2938.295	1587.825	671.143	49.108	8.185	65.477	39310.954	0.565	1.000
0.122	5286.300	5286.300	5286.300	5286.300	2630.894	1715.801	784.366	24.511	0.000	49.023	38523.812	0.498	1.000
0.117	4965.103	4965.103	4965.103	4965.103	2409.912	1623.700	598.205	34.183	0.000	51.275	37721.112	0.485	1.000
0.120	5283.058	5283.058	5283.058	5283.058	2732.903	1619.806	697.762	41.533	0.000	49.840	39033.160	0.517	1.000
0.124	5325.158	5325.158	5325.158	5325.158	3018.669	1586.217	744.551	16.186	0.000	16.186	39558.319	0.567	1.000
0.127	5145.204	5145.204	5145.204	5145.204	2718.369	1583.746	929.761	39.397	0.000	55.155	39120.882	0.528	1.000
0.121	5015.989	5015.989	5015.989	5015.989	2932.171	1564.923	634.206	16.473	0.000	32.946	38950.102	0.585	1.000
0.119	5340.034	5340.034	5340.034	5340.034	2879.266	1673.992	661.227	25.110	0.000	33.480	38744.540	0.539	1.000
0.118	4757.586	4757.586	4757.586	4757.586	3072.960	1532.247	575.651	50.793	0.000	42.327	38196.135	0.646	1.000
0.122	5155.078	5155.078	5155.078	5155.078	2798.471	1792.003	810.084	16.365	0.000	57.279	39538.629	0.543	1.000
0.120	4924.095	4924.095	4924.095	4924.095	2533.108	1780.700	660.447	8.360	0.000	58.521	39593.399	0.514	1.000
0.123	5005.799	5005.799	5005.799	5005.799	2982.351	1527.744	658.230	16.253	8.126	65.010	40038.263	0.596	1.000
0.118	4991.228	4991.228	4991.228	4991.228	2754.073	1542.281	711.822	25.422	0.000	33.896	38870.569	0.552	1.000
0.120	5199.912	5199.912	5199.912	5199.912	2746.021	1669.314	751.191	25.040	0.000	25.040	39145.407	0.528	1.000
0.115	4911.097	4911.097	4911.097	4911.097	2838.684	1654.448	809.809	26.123	0.000	34.830	39628.376	0.578	1.000
0.123	4896.493	4896.493	4896.493	4896.493	2639.706	1588.712	594.749	24.442	0.000	57.031	38740.137	0.539	1.000
0.125	4737.293	4737.293	4737.293	4737.293	2749.393	1643.223	665.305	8.016	0.000	48.094	39148.794	0.580	1.000
0.118	5300.692	5300.692	5300.692	5300.692	2781.384	1766.897	735.503	25.362	0.000	50.724	37400.734	0.525	1.000
0.120	5195.971	5195.971	5195.971	5195.971	2827.342	1793.152	725.601	8.340	8.340	50.041	39299.224	0.544	1.000
0.119	5346.487	5346.487	5346.487	5346.487	2652.261	1670.253	780.570	33.573	0.000	75.539	38592.069	0.496	1.000
0.125	2394.472	2394.472	2394.472	2394.472	7487.729	0.000	0.000	0.000	0.000	0.000	0.000	3.127	1.000
0.116	2593.672	2593.672	2593.672	2593.672	7367.407	0.000	0.000	0.000	0.000	0.000	0.000	2.841	1.000
0.119	2259.265	2259.265	2259.265	2259.265	7671.384	0.000	0.000	0.000	0.000	0.000	0.000	3.396	1.000
0.123	2337.778	2337.778	2337.778	2337.778	7191.914	0.000	0.000	0.000	0.000	0.000	0.000	3.076	1.000
0.118	2423.048	2423.048	2423.048	2423.048	7260.671	0.000	0.000	0.000	0.000	0.000	0.000	2.997	1.000
0.118	2536.804	2536.804	2536.804	2536.804	7026.947	0.000	0.000	0.000	0.000	0.000	0.000	2.770	1.000
0.124	2306.889	2306.889	2306.889	2306.889	7057.790	0.000	0.000	0.000	0.000	0.000	0.000	3.059	1.000
0.122	2164.066	2164.066	2164.066	2164.066	7398.654	0.000	0.000	0.000	0.000	0.000	0.000	3.419	1.000
0.117	5197.781	5197.781	5197.781	5197.781	2718.184	1618.981	673.155	34.084	0.000	85.210	39162.298	0.523	1.000
0.123	5172.414	5172.414	5172.414	5172.414	2806.483	1778.527	677.146	32.634	0.000	48.950	38964.429	0.543	1.000
0.124	5143.897	5143.897	5143.897	5143.897	2833.571	1730.732	643.993	56.349	0.000	40.250	38993.797	0.551	1.000
0.122	5117.197	5117.197	5117.197	5117.197	2853.821	1779.538	713.455	8.201	0.000	8.201	39264.644	0.558	1.000
0.124	5133.204	5133.204	5133.204	5133.204	2756.571	1705.679	800.295	8.084	0.000	97.005	38268.642	0.537	1.000
0.124	5165.434	5165.434	5165.434	5165.434	2755.434	1727.167	642.667	24.100	0.000	64.267	38608.202	0.533	1.000
0.124	5134.065	5134.065	5134.065	5134.065	2744.626	1646.776	589.287	16.145	0.000	80.724	39159.353	0.535	1.000
0.122	2477.106	2477.106	2477.106	2477.106	7250.866	0.000	0.000	0.000	0.000	0.000	0.000	2.927	1.000
0.118	2354.841	2354.841	2354.841	2354.841	6777.553	0.000	0.000	0.000	0.000	0.000	0.000	2.878	1.000
0.119	2358.570	2358.570	2358.570	2358.570	7412.650	0.000	0.000	0.000	0.000	0.000	0.000	3.143	1.000
0.115	2383.260	2383.260	2383.260	2383.260	7548.433	0.000	0.000	0.000	0.000	0.000	0.000	3.167	1.000
0.118	2465.206	2465.206	2465.206	2465.206	7539.633	0.000	0.000	0.000	0.000	0.000	0.000	3.058	1.000
0.115	4935.216	4935.216	4935.216	4935.216	2912.301	1639.259	584.204	43.597	0.000	26.158	38975.999	0.590	1.000
0.120	5212.227	5212.227	5212.227	5212.227	3112.397	1576.948	697.177	33.199	0.000	0.000	39241.096	0.597	1.000
0.122	5181.560	5181.560	5181.560	5181.560	3007.593	1708.117	711.034	16.346	0.000	89.901	39875.129	0.580	1.000
0.116	5004.032	5004.032	5004.032	5004.032	2802.946	1521.845	748.025	17.196	0.000	77.382	39138.062	0.560	1.000
0.113	5376.350	5376.350	5376.350	5376.350	2613.135	1889.226	653.284	0.000	0.000	35.313	39320.625	0.486	1.000
0.121	5534.115	5534.115	5534.115	5534.115	2474.269	1938.177	725.786	24.743	0.000	32.990	39035.716	0.447	1.000
0.122	5377.619	5377.619	5377.619	5377.619	2848.419	1727.059	687.549	57.296	0.000	16.370	38830.172	0.530	1.000
0.120	4973.660	4973.660	4973.660	4973.660	2840.901	1591.238	558.183	24.993	0.000	58.318	37748.162	0.571	1.000
0.122	4860.589	4860.589	4860.589	4860.589	2786.847	1696.698	549.173	32.786	0.000	81.966	38647.007	0.573	1.000
0.116	5065.490	5065.490	5065.490	5065.490	2833.240	1699.944	592.405	25.757	0.000	77.270	39699.706	0.559	1.000
0.124	4821.966	4821.966	4821.966	4821.966	2870.602	1620.761	725.714	0.000	0.000	64.508	38309.635	0.595	1.000
0.116	5724.186	5724.186	5724.186	5724.186	2647.221	1744.759	782.133	8.595	0.000	34.379	39811.453	0.462	1.000
0.123	5135.392	5135.392	5135.392	5135.392	3026.068	1703.685	567.895	32.451	0.000	64.902	39119.844	0.589	1.000
0.121	5158.509	5158.509	5158.509	5158.509	2906.319	1664.302	645.849	57.961	0.000	74.521	39694.850	0.563	1.000
0.119	2234.363	2234.363	2234.363	2234.363	7192.119	0.000	0.000	0.000	0.000	0.000	0.000	3.219	1.000
0.124	2483.208	2483.208	2483.208	2483.208	7150.345	0.000	0.000	0.000	0.000	0.000	0.000	2.879	1.000
0.125	2166.052	2166.052	2166.052	2166.052	7019.613	0.000	0.000	0.000	0.000	0.000	0.000	3.241	1.000
0.124	2242.260	2242.260	2242.260	2242.260	7388.166	0.000	0.000	0.000	0.000	0.000	0.000	3.295	1.000
0.123	2277.532	2277.532	2277.532	2277.532	7763.202	0.000	0.000	0.000	0.000	0.000	0.000	3.409	1.000
0.117	2164.238	2164.238	2164.238	2164.238	7540.752	0.000	0.000	0.000	0.000	0.000	0.000	3.484	1.000
0.123	2312.291	2312.291	2312.291	2312.291	7139.705	0.000	0.000	0.000	0.000	0.000	0.000	3.088	1.000
0.125	2417.559	2417.559	2417.559	2417.559	7045.230	0.000	0.000	0.000	0.000	0.000	0.000	2.914	1.000
0.125	2347.263	2347.263	2347.263	2347.263	7464.935	0.000	0.000	0.000	0.000	0.000	0.000	3.180	1.000
0.125	2219.760	2219.760	2219.760	2219.760	7298.059	0.000	0.000	0.000	0.000	0.000	0.000	3.288	1.000
0.120	2441.958	2441.958	2441.958	2441.958	7359.324	0.000	0.000	0.000	0.000	0.000	0.000	3.014	1.000
0.118	2352.079	2352.079	2352.079	2352.079	7820.450	0.000	0.000	0.000	0.000	0.000	0.000	3.325	1.000
0.123	2300.370	2300.370	2300.370	2300.370	6681.641	0.000	0.000	0.000	0.000	0.000	0.000	2.905	1.000
0.121	5115.164	5115.164	5115.164	5115.164	2893.343	1691.237	812.457	24.871	0.000	16.581	39429.047	0.566	1.000
0.124	5134.704	5134.704	5134.704	5134.704	2805.893	1609.143	719.667	8.086	0.000	16.172	38514.322	0.546	1.000
0.112	5382.980	5382.980	5382.980	5382.980	3026.252	1937.159	696.306	8.927	0.000	62.489	40198.274	0.562	1.000
0.123	5262.596	5262.596	5262.596	5262.596	2635.365	1602.367	780.849	16.268	0.000	65.071	38497.479	0.501	1.000
0.118	5113.892	5113.892	5113.892	5113.892	2544.267	1834.239	760.744	33.811	0.000	33.811	39068.443	0.498	1.000
0.120	5159.514	5159.514	5159.514	5159.514	2733.959	1633.707	716.831	25.006	0.000	83.352	38517.151	0.530	1.000
0.124	5133.417	5133.417	5133.417	5133.417	2735.677	1762.098	579.320	16.092	8.046	48.277	39297.189	0.533	1.000
0.118	4908.856	4908.856	4908.856	4908.856	2926.597	1667.480	646.574	17.015	0.000	76.568	38777.407	0.596	1.000
0.124	5284.453	5284.453	5284.453	5284.453	3058.994	1602.330	720.239	32.370	0.000	48.555	38755.350	0.579	1.000
0.122	5277.622	5277.622	5277.622	5277.622	2716.543	1620.107	711.865	32.729	0.000	65.459	38833.480	0.515	1.000
0.126	4943.799	4943.799	4943.799	4943.799	2685.814	1418.173	697.202	39.614	0.000	63.382	38956.183	0.543	1.000
0.127	5011.678	5011.678	5011.678	5011.678	2861.558	1446.589	735.152	47.429	0.000	79.049	39453.133	0.571	1.000
0.120	4935.024	4935.024	4935.024	4935.024	2971.001	1672.748	748.992	41.611	0.000	49.933	38997.504	0.602	1.000
0.121	4889.894	4889.894	4889.894	4889.894	2784.753	1549.848	646.461	24.864	8.288	41.440	38190.905	0.569	1.000
0.119	5211.744	5211.744	5211.744	5211.744	2968.501	1754.114	725.259	16.866	0.000	33.733	39762.739	0.570	1.000
0.121	5208.271	5208.271	5208.271	5208.271	2814.612	1758.101	759.368	8.254	8.254	66.032	39396.319	0.540	1.000
0.123	5202.765	5202.765	5202.765	5202.765	3045.124	1571.414	781.636	16.284	0.000	65.136	39081.806	0.585	1.000
0.119	5018.897	5018.897	5018.897	5018.897	2795.761	1759.982	555.784	8.421	0.000	50.526	39039.605	0.557	1.000
0.117	3438.070	3438.070	3438.070	3438.070	5732.960	767.807	238.873	25.594	0.000	17.062	16286.043	1.667	1.000
0.122	2257.924	2257.924	2257.924	2257.924	6847.666	0.000	0.000	0.000	0.000	0.000	0.000	3.033	1.000
0.120	2495.718	2495.718	2495.718	2495.718	7570.622	0.000	0.000	0.000	0.000	0.000	0.000	3.033	1.000
0.126	2483.227	2483.227	2483.227	2483.227	7164.069	0.000	0.000	0.000	0.000	0.000	0.000	2.885	1.000
0.124	2323.724	2323.724	2323.724	2323.724	7397.321	0.000	0.000	0.000	0.000	0.000	0.000	3.183	1.000
0.123	2452.906	2452.906	2452.906	2452.906	7529.284	0.000	0.000	0.000	0.000	0.000	0.000	3.070	1.000
0.122	2168.042	2168.042	2168.042	2168.042	7477.700	0.000	0.000	0.000	0.000	0.000	0.000	3.449	1.000
0.123	2254.282	2254.282	2254.282	2254.282	6989.895	0.000	0.000	0.000	0.000	0.000	0.000	3.101	1.000
0.123	5165.854	5165.854	5165.854	5165.854	2891.579	1600.115	601.059	40.612	0.000	40.612	39239.373	0.560	1.000
0.118	4937.013	4937.013	4937.013	4937.013	3048.584	1625.912	745.209	8.468	0.000	59.278	39275.927	0.617	1.000
0.123	4786.655	4786.655	4786.655	4786.655	2909.376	1568.462	642.013	32.507	0.000	48.760	38057.561	0.608	1.000
0.123	4805.212	4805.212	4805.212	4805.212	2796.942	1447.255	658.582	32.523	0.000	113.829	38766.922	0.582	1.000
0.125	4856.911	4856.911	4856.911	4856.911	2765.073	1610.956	609.118	8.015	8.015	32.059	39280.071	0.569	1.000
0.122	5337.957	5337.957	5337.957	5337.957	2795.683	1782.044	678.485	24.524	0.000	40.873	39090.520	0.524	1.000
0.120	5164.183	5164.183	5164.183	5164.183	2824.424	1679.613	752.065	16.713	0.000	66.850	39575.355	0.547	1.000
0.123	5042.777	5042.777	5042.777	5042.777	2904.901	1738.045	799.664	0.000	0.000	57.119	39705.751	0.576	1.000
0.120	5249.241	5249.241	5249.241	5249.241	2992.402	1613.222	727.204	16.717	8.359	50.152	39135.263	0.570	1.000
0.120	5171.411	5171.411	5171.411	5171.411	2848.023	1565.580	716.170	24.983	8.328	58.293	38439.988	0.551	1.000
0.122	5185.136	5185.136	5185.136	5185.136	3007.543	1495.554	599.865	57.521	0.000	65.739	39065.191	0.580	1.000
0.119	4714.414	4714.414	4714.414	4714.414	2646.101	1498.899	703.394	25.121	0.000	25.121	39281.198	0.561	1.000
0.119	4997.423	4997.423	4997.423	4997.423	2941.148	1567.489	750.035	33.709	0.000	50.564	38942.822	0.589	1.000
0.123	4971.796	4971.796	4971.796	4971.796	2680.235	1554.698	663.986	48.584	0.000	48.584	38049.626	0.539	1.000
0.119	5419.593	5419.593	5419.593	5419.593	2915.020	1834.453	644.990	33.506	8.376	33.506	40399.839	0.538	1.000
0.124	2965.393	2965.393	2965.393	2965.393	6657.994	355.524	137.362	0.000	0.000	0.000	8597.216	2.245	1.000
0.118	2215.570	2215.570	2215.570	2215.570	7441.611	0.000	0.000	0.000	0.000	0.000	0.000	3.359	1.000
0.122	2378.225	2378.225	2378.225	2378.225	7397.099	0.000	0.000	0.000	0.000	0.000	0.000	3.110	1.000
0.116	2538.049	2538.049	2538.049	2538.049	7173.875	0.000	0.000	0.000	0.000	0.000	0.000	2.827	1.000
0.126	2326.469	2326.469	2326.469	2326.469	7537.122	0.000	0.000	0.000	0.000	0.000	0.000	3.240	1.000
0.123	2528.607	2528.607	2528.607	2528.607	7406.372	0.000	0.000	0.000	0.000	0.000	0.000	2.929	1.000
0.119	2385.567	2385.567	2385.567	2385.567	7620.327	0.000	0.000	0.000	0.000	0.000	0.000	3.194	1.000
0.118	4304.610	4304.610	4304.610	4304.610	2499.724	1245.625	593.155	42.368	0.000	0.000	31640.577	0.581	1.000
0.118	5229.767	5229.767	5229.767	5229.767	2971.458	1562.138	730.130	50.939	0.000	16.980	39367.577	0.568	1.000
0.118	5675.309	5675.309	5675.309	5675.309	2587.398	1883.286	712.595	59.383	0.000	76.349	39090.916	0.456	1.000
0.117	4851.709	4851.709	4851.709	4851.709	2794.447	1525.802	497.172	42.860	0.000	68.575	38616.514	0.576	1.000
0.121	4941.526	4941.526	4941.526	4941.526	2615.131	1517.931	643.471	24.749	0.000	65.997	38162.769	0.529	1.000
0.125	5169.515	5169.515	5169.515	5169.515	2692.956	1707.142	649.195	24.044	0.000	48.089	37933.818	0.521	1.000
0.123	5172.827	5172.827	5172.827	5172.827	3020.866	1778.413	527.839	40.603	0.000	73.085	39035.759	0.584	1.000
0.119	4967.886	4967.886	4967.886	4967.886	2689.887	1672.774	689.284	16.812	8.406	42.029	39692.652	0.541	1.000
0.124	4997.679	4997.679	4997.679	4997.679	2948.791	1566.796	787.416	8.035	0.000	32.139	39603.792	0.590	1.000
0.118	5208.845	5208.845	5208.845	5208.845	2693.354	1795.569	626.755	0.000	8.470	16.939	39290.784	0.517	1.000
0.121	5257.306	5257.306	5257.306	5257.306	2715.585	1813.150	562.987	8.279	0.000	41.396	38920.621	0.517	1.000
0.124	5338.012	5338.012	5338.012	5338.012	2652.830	1827.865	671.295	24.264	0.000	40.439	38999.839	0.497	1.000
0.124	4970.389	4970.389	4970.389	4970.389	2880.567	1533.075	645.505	24.206	0.000	16.138	38205.835	0.580	1.000
0.120	5124.436	5124.436	5124.436	5124.436	2728.596	1572.270	898.440	24.957	0.000	83.189	38716.112	0.532	1.000
0.119	5236.616	5236.616	5236.616	5236.616	2815.837	1781.963	731.277	16.811	0.000	25.216	38379.440	0.538	1.000
0.122	5320.979	5320.979	5320.979	5320.979	2893.436	1618.362	653.884	0.000	0.000	49.041	39429.192	0.544	1.000
0.123	5089.187	5089.187	5089.187	5089.187	2887.135	1492.502	766.640	24.467	0.000	24.467	39718.496	0.567	1.000
0.123	5132.288	5132.288	5132.288	5132.288	2907.214	1640.383	641.536	16.241	0.000	64.966	38402.830	0.566	1.000
0.123	5330.540	5330.540	5330.540	5330.540	2921.624	1725.305	667.335	24.415	0.000	73.244	39063.501	0.548	1.000
0.116	5547.946	5547.946	5547.946	5547.946	2907.296	1849.315	645.110	8.601	0.000	51.609	38766.808	0.524	1.000
0.115	5549.595	5549.595	5549.595	5549.595	2744.401	1980.137	686.100	26.054	0.000	34.739	38855.851	0.495	1.000
0.123	3409.429	3409.429	3409.429	3409.429	5394.873	764.884	284.797	8.137	0.000	8.137	14223.586	1.582	1.000
0.120	2359.765	2359.765	2359.765	2359.765	7137.664	0.000	0.000	0.000	0.000	0.000	0.000	3.025	1.000
0.122	2413.703	2413.703	2413.703	2413.703	6701.094	0.000	0.000	0.000	0.000	0.000	0.000	2.776	1.000
0.119	2413.342	2413.342	2413.342	2413.342	7484.735	0.000	0.000	0.000	0.000	0.000	0.000	3.101	1.000
0.120	2984.498	2984.498	2984.498	2984.498	4447.487	526.676	217.358	33.440	0.000	0.000	14746.930	1.490	1.000
0.125	5024.435	5024.435	5024.435	5024.435	2993.793	1669.461	690.258	8.026	0.000	40.131	38879.172	0.596	1.000
0.119	4887.167	4887.167	4887.167	4887.167	2947.415	1587.070	730.556	41.986	0.000	41.986	38996.569	0.603	1.000
0.125	5300.570	5300.570	5300.570	5300.570	3058.637	1737.498	704.607	0.000	0.000	64.055	39185.783	0.577	1.000
0.119	5267.329	5267.329	5267.329	5267.329	2738.341	1473.847	619.686	50.245	8.374	58.619	38914.589	0.520	1.000
0.118	5204.486	5204.486	5204.486	5204.486	2754.322	1672.870	692.805	33.795	0.000	50.693	38847.769	0.529	1.000
0.123	5082.646	5082.646	5082.646	5082.646	2752.423	1583.252	641.420	16.238	0.000	32.477	38582.640	0.542	1.000
0.124	3541.719	3541.719	3541.719	3541.719	5360.874	796.887	185.135	16.099	0.000	8.049	17716.643	1.514	1.000
0.125	2245.591	2245.591	2245.591	2245.591	7578.868	0.000	0.000	0.000	0.000	0.000	0.000	3.375	1.000
0.119	2342.325	2342.325	2342.325	2342.325	7404.771	0.000	0.000	0.000	0.000	0.000	0.000	3.161	1.000
0.122	2532.581	2532.581	2532.581	2532.581	7123.905	0.000	0.000	0.000	0.000	0.000	0.000	2.813	1.000
0.112	2802.669	2802.669	2802.669	2802.669	7384.809	0.000	0.000	0.000	0.000	0.000	0.000	2.635	1.000
0.119	4948.484	4948.484	4948.484	4948.484	3254.028	1559.573	733.421	42.151	0.000	50.581	38104.166	0.658	1.000
0.122	4940.349	4940.349	4940.349	4940.349	2969.117	1734.030	687.068	16.359	0.000	57.256	38639.420	0.601	1.000
0.115	4982.767	4982.767	4982.767	4982.767	2897.160	1745.277	733.016	17.453	0.000	52.358	38806.242	0.581	1.000
0.123	4688.266	4688.266	4688.266	4688.266	2669.707	1562.755	659.287	16.279	0.000	24.418	39801.428	0.569	1.000
0.118	5118.077	5118.077	5118.077	5118.077	2822.594	1793.878	722.652	34.007	0.000	42.509	39176.245	0.551	1.000
0.121	5145.400	5145.400	5145.400	5145.400	2519.188	1737.087	823.264	32.931	0.000	57.628	39426.113	0.490	1.000
0.126	4872.584	4872.584	4872.584	4872.584	2941.038	1526.160	683.593	39.744	0.000	39.744	38416.312	0.604	1.000
0.119	4960.786	4960.786	4960.786	4960.786	2476.182	1659.210	707.481	42.112	0.000	42.112	39155.678	0.499	1.000
0.123	5313.418	5313.418	5313.418	5313.418	2912.240	1630.530	746.312	40.560	0.000	56.785	39562.656	0.548	1.000
0.122	4970.525	4970.525	4970.525	4970.525	2878.967	1484.596	779.208	16.404	0.000	32.809	38976.789	0.579	1.000
0.119	4912.797	4912.797	4912.797	4912.797	2696.561	1491.535	758.408	25.280	0.000	42.134	39243.386	0.549	1.000
0.121	5400.522	5392.239	5392.239	5392.239	2691.978	1764.281	745.471	8.283	0.000	49.698	39145.498	0.498	1.000
0.123	2542.973	2542.973	2542.973	2542.973	7167.297	0.000	0.000	0.000	0.000	0.000	0.000	2.818	1.000
0.121	2471.893	2471.893	2471.893	2471.893	7184.196	0.000	0.000	0.000	0.000	0.000	0.000	2.906	1.000
0.120	2426.093	2426.093	2426.093	2426.093	6669.673	0.000	0.000	0.000	0.000	0.000	0.000	2.749	1.000
0.122	2299.387	2299.387	2299.387	2299.387	7719.370	0.000	0.000	0.000	0.000	0.000	0.000	3.357	1.000
0.118	5267.966	5267.966	5267.966	5267.966	2709.963	1578.701	683.822	33.769	0.000	59.096	37964.809	0.514	1.000
0.112	5071.918	5071.918	5071.918	5071.918	2678.830	1803.746	544.695	17.859	0.000	35.718	38575.153	0.528	1.000
0.123	5245.727	5245.727	5245.727	5245.727	3111.596	1816.455	692.371	32.582	0.000	81.455	38732.038	0.593	1.000
0.118	5151.359	5151.359	5151.359	5151.359	2820.580	1536.963	658.698	25.335	0.000	42.224	38466.297	0.548	1.000
0.114	5110.496	5110.496	5110.496	5110.496	2882.844	1729.706	611.512	52.415	0.000	34.944	39783.245	0.564	1.000
0.123	5095.246	5095.246	5095.246	5095.246	2982.385	1560.267	641.985	8.126	0.000	81.264	39388.608	0.585	1.000
0.126	5099.503	5099.503	5099.503	5099.503	2589.591	1864.506	637.438	23.904	0.000	71.712	39298.042	0.508	1.000
0.121	5271.617	5271.617	5271.617	5271.617	3085.422	1682.957	643.484	0.000	0.000	65.998	39631.998	0.585	1.000
0.115	5095.774	5095.774	5095.774	5095.774	2944.225	1672.459	714.279	0.000	0.000	17.421	38632.063	0.578	1.000
0.126	5238.618	5238.618	5238.618	5238.618	2837.255	1783.191	721.202	39.626	0.000	55.477	39975.173	0.542	1.000
0.125	4950.768	4950.768	4950.768	4950.768	2874.640	1405.379	495.077	47.911	0.000	55.896	38695.845	0.581	1.000
0.122	5214.100	5214.100	5214.100	5214.100	2894.895	1907.999	501.672	32.897	0.000	41.121	39163.321	0.555	1.000
0.123	5362.734	5362.734	5362.734	5362.734	2928.815	1719.969	624.706	8.113	0.000	64.904	39721.550	0.546	1.000
0.114	5292.628	5292.628	5292.628	5292.628	3048.065	1711.807	646.295	17.467	0.000	69.870	38087.709	0.576	1.000
0.122	5300.433	5300.433	5300.433	5300.433	2801.308	1731.420	784.039	24.501	0.000	40.835	38728.281	0.529	1.000
0.120	5312.682	5312.682	5312.682	5312.682	2585.450	1784.794	692.233	41.701	0.000	25.020	39232.116	0.487	1.000
0.123	5214.101	5214.101	5214.101	5214.101	2924.785	1767.906	741.380	8.147	0.000	73.323	38657.669	0.561	1.000
0.123	5168.121	5168.121	5168.121	5168.121	2681.880	1556.958	668.432	24.455	0.000	48.910	39021.758	0.519	1.000
0.114	5034.320	5034.320	5034.320	5034.320	2810.464	1505.918	586.608	26.266	0.000	26.266	38549.755	0.558	1.000
0.118	5299.079	5299.079	5299.079	5299.079	3070.574	1726.666	620.919	51.034	0.000	59.540	39789.874	0.579	1.000
0.116	4914.927	4914.927	4914.927	4914.927	2942.034	1557.547	614.366	25.959	0.000	25.959	38307.008	0.599	1.000
0.116	5107.235	5107.235	5107.235	5107.235	2777.922	1708.163	543.506	34.508	0.000	112.152	39175.601	0.544	1.000
0.120	4921.245	4921.245	4921.245	4921.245	3083.089	1629.275	760.328	0.000	0.000	58.487	37857.658	0.626	1.000
0.116	5295.568	5295.568	5295.568	5295.568	2812.189	1894.983	631.661	34.612	0.000	8.653	38920.696	0.531	1.000
0.118	5438.275	5438.275	5438.275	5438.275	2617.170	1843.915	739.265	8.497	0.000	50.984	40617.113	0.481	1.000
0.114	4727.351	4727.351	4727.351	4727.351	2808.240	1514.161	686.654	26.410	0.000	52.820	39869.969	0.594	1.000
0.117	4797.326	4797.326	4797.326	4797.326	2922.705	1423.008	690.201	25.563	0.000	42.605	39648.236	0.609	1.000
0.123	5128.269	5128.269	5128.269	5128.269	2568.185	1490.682	737.239	16.203	0.000	48.609	39016.970	0.501	1.000
0.125	5077.468	5077.468	5077.468	5077.468	2742.632	1623.191	719.641	15.992	0.000	63.968	38804.650	0.540	1.000
0.124	5257.502	5257.502	5257.502	5257.502	2877.960	1680.150	715.470	40.195	0.000	32.156	38482.661	0.547	1.000
0.119	5082.408	5082.408	5082.408	5082.408	2696.104	1549.004	644.721	16.746	0.000	41.865	40006.168	0.530	1.000
0.123	4928.092	4928.092	4928.092	4928.092	3028.300	1704.941	649.501	32.475	0.000	16.238	38539.791	0.614	1.000
0.127	4856.264	4856.264	4856.264	4856.264	2905.862	1666.133	615.916	31.585	0.000	15.793	38431.608	0.598	1.000
0.119	5073.790	5073.790	5073.790	5073.790	2881.308	1638.061	705.626	8.400	0.000	42.002	40136.700	0.568	1.000
0.124	5236.568	5236.568	5236.568	5236.568	2751.417	1726.696	734.249	8.069	0.000	40.343	39447.737	0.525	1.000
0.117	4962.776	4962.776	4962.776	4962.776	2902.756	1583.321	672.486	25.537	0.000	25.537	39574.519	0.585	1.000
0.122	5467.245	5467.245	5467.245	5467.245	2819.431	1773.381	915.294	32.689	0.000	32.689	39202.354	0.516	1.000
0.123	5318.480	5318.480	5318.480	5318.480	2679.602	1669.661	838.903	0.000	0.000	24.434	38825.716	0.504	1.000
0.121	5129.914	5129.914	5129.914	5129.914	2738.712	1845.114	612.280	33.096	0.000	24.822	38672.936	0.534	1.000
0.123	4767.916	4767.916	4767.916	4767.916	3159.658	1372.705	657.924	16.245	0.000	56.858	38240.800	0.663	1.000
0.120	5069.357	5069.357	5069.357	5069.357	2838.507	1673.138	657.601	41.620	0.000	66.593	40213.572	0.560	1.000
0.123	5081.393	5081.393	5081.393	5081.393	2626.338	1745.454	668.819	24.469	0.000	48.938	39444.006	0.517	1.000
0.101	4953.896	4953.896	4953.896	4953.896	2660.609	1598.351	615.514	49.638	0.000	49.638	40127.550	0.537	1.000
0.123	5018.516	5018.516	5018.516	5018.516	3007.867	1621.492	713.456	24.322	0.000	24.322	38299.629	0.599	1.000
0.118	5040.101	5040.101	5040.101	5040.101	2769.938	1634.856	703.073	25.412	0.000	42.354	38973.959	0.550	1.000
0.117	5218.254	5218.254	5218.254	5218.254	2886.694	1708.103	657.620	42.703	0.000	51.243	38047.992	0.553	1.000
0.101	4644.478	4644.478	4644.478	4644.478	2766.923	1581.099	583.030	9.882	0.000	59.291	38084.722	0.596	1.000
0.125	4931.236	4931.236	4931.236	4931.236	2809.844	1697.114	840.552	24.016	0.000	48.032	39946.214	0.570	1.000
0.122	5090.729	5090.729	5090.729	5090.729	2619.025	1661.444	712.047	32.738	0.000	65.476	39162.604	0.514	1.000
0.123	4940.920	4940.920	4940.920	4940.920	2912.628	1533.389	738.298	64.905	0.000	97.358	39340.756	0.589	1.000
0.117	5229.160	5229.160	5229.160	5229.160	2913.633	1760.142	657.917	42.722	0.000	34.178	38312.998	0.557	1.000
0.122	5522.405	5522.405	5522.405	5522.405	3077.120	1903.712	746.714	32.823	8.206	57.440	39600.483	0.557	1.000
0.125	5174.015	5174.015	5174.015	5174.015	2638.827	1642.291	853.035	23.917	0.000	79.723	40244.111	0.510	1.000
0.124	5362.042	5362.042	5362.042	5362.042	2968.129	1779.260	865.367	32.350	0.000	72.788	40219.357	0.554	1.000
0.124	5517.277	5517.277	5517.277	5517.277	2811.146	1583.289	767.410	16.156	0.000	72.702	38935.981	0.510	1.000
0.116	5064.642	5064.642	5064.642	5064.642	2772.677	1673.907	695.315	34.337	0.000	60.089	39890.494	0.547	1.000
0.126	4904.069	4904.069	4904.069	4904.069	2718.301	1573.753	699.446	23.845	0.000	71.534	38183.380	0.554	1.000
0.123	5405.469	5405.469	5405.469	5405.469	2784.142	1717.702	643.121	32.563	0.000	40.704	38098.784	0.515	1.000
0.121	5325.545	5325.545	5325.545	5325.545	2795.084	1868.902	545.786	33.078	0.000	41.347	39081.559	0.525	1.000
0.120	5339.075	5339.075	5339.075	5339.075	2406.344	1796.402	768.693	25.066	0.000	58.488	39345.391	0.451	1.000
0.117	2116.762	2116.762	2116.762	2116.762	7507.221	0.000	0.000	0.000	0.000	0.000	0.000	3.547	1.000
0.125	2697.478	2697.478	2697.478	2697.478	7468.093	0.000	0.000	0.000	0.000	0.000	0.000	2.769	1.000
0.120	2403.769	2403.769	2403.769	2403.769	7528.471	0.000	0.000	0.000	0.000	0.000	0.000	3.132	1.000
0.123	2408.296	2408.296	2408.296	2408.296	7476.260	0.000	0.000	0.000	0.000	0.000	0.000	3.104	1.000
0.124	4857.928	4857.928	4857.928	4857.928	3052.398	1603.116	680.110	40.483	0.000	89.062	39413.988	0.628	1.000
0.118	5180.408	5171.902	5171.902	5171.902	2739.066	1556.674	723.046	25.519	0.000	51.039	38942.380	0.529	1.000
0.114	5256.303	5256.303	5256.303	5256.303	2667.639	1939.304	605.484	17.550	0.000	61.426	38452.618	0.508	1.000
0.114	5196.650	5196.650	5196.650	5196.650	2672.813	1594.924	797.462	26.290	0.000	87.633	39995.799	0.514	1.000
0.125	5465.584	5465.584	5465.584	5465.584	3024.024	1587.812	742.043	55.853	0.000	47.874	39360.184	0.553	1.000
0.102	5280.436	5280.436	5280.436	5280.436	2935.765	1684.617	729.015	39.406	0.000	19.703	38381.676	0.556	1.000
0.113	5385.713	5385.713	5385.713	5385.713	2767.781	1754.103	890.273	26.444	0.000	17.629	38616.709	0.514	1.000
0.124	5093.965	5093.965	5093.965	5093.965	3088.722	1649.474	792.395	32.343	0.000	56.600	39716.755	0.606	1.000
0.114	5338.836	5338.836	5338.836	5338.836	2866.665	1665.647	604.893	8.767	0.000	35.066	39265.427	0.537	1.000
0.114	5136.241	5136.241	5136.241	5136.241	2769.028	1659.670	663.868	43.676	0.000	61.146	38827.533	0.539	1.000
0.127	5057.363	5057.363	5057.363	5057.363	2646.477	1743.377	691.068	15.706	0.000	54.971	39045.352	0.523	1.000
0.123	5360.907	5360.907	5360.907	5360.907	3070.338	1721.988	722.910	56.858	0.000	73.103	39378.302	0.573	1.000
0.124	5329.481	5329.481	5329.481	5329.481	2604.452	1824.724	715.421	16.077	0.000	40.192	38471.942	0.489	1.000
0.119	5050.761	5050.761	5050.761	5050.761	2819.030	1585.704	713.147	16.780	0.000	33.560	38526.738	0.558	1.000
0.124	5080.748	5080.748	5080.748	5080.748	2862.961	1475.836	685.498	8.065	0.000	56.453	39097.562	0.563	1.000
0.123	4908.551	4908.551	4908.551	4908.551	2686.272	1391.977	675.638	32.561	0.000	40.701	37990.392	0.547	1.000
0.117	5215.410	5215.410	5215.410	5215.410	2885.120	1775.459	699.940	34.143	0.000	59.751	38897.908	0.553	1.000
0.125	5019.643	5019.643	5019.643	5019.643	2758.398	1740.036	649.506	16.037	0.000	56.130	39210.947	0.550	1.000
0.116	5186.016	5186.016	5186.016	5186.016	2709.888	1696.927	744.570	43.289	0.000	60.605	38553.140	0.523	1.000
0.124	5017.183	5017.183	5017.183	5017.183	2883.068	1618.706	571.782	8.053	8.053	48.320	39050.272	0.575	1.000
0.119	5037.197	5037.197	5037.197	5037.197	2787.249	1712.647	721.998	25.186	0.000	8.395	39055.067	0.553	1.000
0.120	5353.641	5353.641	5353.641	5353.641	2535.058	1626.106	708.815	8.339	0.000	50.034	38592.916	0.474	1.000
0.117	4957.130	4957.130	4957.130	4957.130	2470.047	1686.446	553.631	8.517	0.000	34.070	39410.033	0.498	1.000
0.117	4761.410	4761.410	4761.410	4761.410	2676.685	1355.501	712.067	25.737	0.000	25.737	39309.518	0.562	1.000
0.122	5329.240	5329.240	5329.240	5329.240	2958.872	1757.341	555.810	16.347	0.000	24.521	38816.811	0.555	1.000
0.121	5090.608	5090.608	5090.608	5090.608	2764.655	1895.527	629.083	8.277	0.000	82.774	39417.033	0.543	1.000
0.122	4924.018	4924.018	4924.018	4924.018	2786.715	1512.553	690.513	41.102	8.220	73.984	38290.613	0.566	1.000
0.123	4961.158	4961.158	4961.158	4961.158	2801.308	1550.869	706.417	24.359	0.000	40.599	38576.859	0.565	1.000
0.116	5227.785	5227.785	5227.785	5227.785	2622.519	1751.222	655.630	34.507	0.000	60.387	39070.363	0.502	1.000
0.118	4778.367	4778.367	4778.367	4778.367	3056.129	1544.949	717.599	16.885	0.000	50.654	39442.636	0.640	1.000
0.116	5254.909	5254.909	5254.909	5254.909	2713.319	1691.531	772.781	25.759	0.000	42.932	39669.411	0.516	1.000
0.113	5006.145	5006.145	5006.145	5006.145	3035.641	1757.476	630.206	26.628	0.000	62.133	39401.203	0.606	1.000
0.119	5312.160	5312.160	5312.160	5312.160	3042.724	1588.605	706.047	33.621	0.000	33.621	37395.250	0.573	1.000
0.116	5245.880	5245.880	5245.880	5245.880	2666.080	1751.503	759.272	34.512	0.000	60.397	38722.877	0.508	1.000
0.115	4987.186	4987.186	4987.186	4987.186	2729.002	1647.864	741.103	52.313	0.000	52.313	38737.881	0.547	1.000
0.117	4823.837	4823.837	4823.837	4823.837	2738.085	1527.834	626.584	8.583	0.000	68.667	39225.862	0.568	1.000
0.122	4724.621	4724.621	4724.621	4724.621	2961.091	1574.874	533.160	24.607	0.000	49.215	38961.720	0.627	1.000
0.112	5174.695	5174.695	5174.695	5174.695	2685.488	1632.706	794.048	44.609	0.000	44.609	38997.572	0.519	1.000
0.116	5304.593	5304.593	5304.593	5304.593	2613.356	1713.392	631.705	17.307	0.000	34.614	39191.682	0.493	1.000
0.125	5464.851	5464.851	5464.851	5464.851	2576.857	1810.980	725.988	7.978	0.000	23.934	38014.623	0.472	1.000
0.117	4778.159	4778.159	4778.159	4778.159	2735.261	1718.086	547.052	25.643	0.000	42.738	39148.423	0.572	1.000
0.112	4831.628	4831.628	4831.628	4831.628	2875.756	1616.496	660.888	26.793	0.000	53.586	37670.620	0.595	1.000
0.123	4945.374	4945.374	4945.374	4945.374	3180.331	1651.169	650.707	24.402	0.000	40.669	38660.136	0.643	1.000
0.122	4769.197	4769.197	4769.197	4769.197	3127.477	1649.929	648.479	16.417	0.000	41.043	38284.916	0.656	1.000
0.122	5153.135	5153.135	5153.135	5153.135	2901.207	1569.775	731.466	41.094	0.000	32.875	40501.830	0.563	1.000
0.123	5266.862	5266.862	5266.862	5266.862	2665.942	1723.109	764.020	16.256	0.000	40.639	39420.185	0.506	1.000
0.125	5011.925	5011.925	5011.925	5011.925	2906.276	1577.235	688.539	8.006	0.000	16.013	39190.694	0.580	1.000
0.112	4945.586	4945.586	4945.586	4945.586	2700.844	1404.081	554.478	17.886	0.000	8.943	38795.574	0.546	1.000
0.122	5189.897	5189.897	5189.897	5189.897	2652.432	1716.279	722.644	24.636	0.000	41.059	39630.450	0.511	1.000
0.114	4869.451	4869.451	4869.451	4869.451	2771.303	1398.765	620.702	17.485	0.000	26.227	38518.493	0.569	1.000
0.118	5162.831	5162.831	5162.831	5162.831	2823.026	1822.674	644.294	8.478	0.000	42.388	38793.288	0.547	1.000
0.122	5126.838	5126.838	5126.838	5126.838	2944.856	1533.950	705.453	65.624	0.000	24.609	40407.686	0.574	1.000
0.119	5365.075	5365.075	5365.075	5365.075	2997.389	1553.269	688.476	50.376	0.000	50.376	38462.297	0.559	1.000
0.121	5453.273	5453.273	5453.273	5453.273	2842.664	1682.393	721.025	41.438	0.000	82.876	38794.485	0.521	1.000
0.123	5204.765	5204.765	5204.765	5204.765	2906.873	1697.029	682.060	24.359	0.000	40.599	39307.748	0.559	1.000
0.117	4731.088	4731.088	4731.088	4731.088	2617.016	1449.162	801.301	34.098	0.000	42.622	38965.412	0.553	1.000
